Date,BTC-EUR,C3M.MI,VWCE.DE
2019-07-29,100.0,100.0,100.0
2019-07-30,100.79207655951325,100.0,99.42937224575931
2019-07-31,106.63664615230559,100.0,99.58246982778805
2019-08-01,109.87658004361674,99.99150922243518,100.19484953739959
2019-08-02,110.6730918935009,99.99150922243518,96.92414873847402
2019-08-05,122.90820617881673,99.99150922243518,94.57202281321744
2019-08-06,119.90977842066626,99.99150922243518,93.94572224564783
2019-08-07,124.76588411226406,99.98301844487038,94.02922615638954
2019-08-08,125.2175978604525,99.97452766730555,96.04732582017586
2019-08-09,123.09895795824836,99.97452766730555,95.37926267873198
2019-08-12,118.79137651522893,99.97452766730555,94.7947140665332
2019-08-13,114.12581684216927,99.97452766730555,95.9081490961052
2019-08-14,105.59601043344904,99.97452766730555,94.44676694710488
2019-08-16,109.4510893781883,99.91510517748316,95.61586417150242
2019-08-19,115.29405860847565,99.94906181117676,96.71537834311634
2019-08-20,113.53232240720126,99.95755258874158,96.46485599238781
2019-08-21,106.99272680966135,99.9660433663064,96.91022788051593
2019-08-22,106.97679177157615,99.9660433663064,96.50660794775867
2019-08-23,108.52662854603179,99.97452766730555,95.15658204391961
2019-08-26,109.35472469306762,99.93208673261279,95.28183791003218
2019-08-27,107.50661464116786,99.9660433663064,95.69937870074753
2019-08-28,103.00541219736859,99.95755258874158,95.85247628277627
2019-08-29,100.64798677826224,99.90662087648398,97.10507741791552
2019-08-30,102.04887552814822,99.95755258874158,97.7592197014013
2019-09-02,110.45859759319197,99.94906181117676,97.8566444701011
2019-09-03,113.32188616895851,99.94906181117676,97.60612211937257
2019-09-04,112.38390227363502,99.9660433663064,98.19068135007475
2019-09-05,112.20147237922922,99.94906181117676,99.3458577165142
2019-09-06,108.8910310884134,99.93208673261279,99.51287615650102
2019-09-09,109.51266904114738,99.9405775101776,99.51287615650102
2019-09-10,107.16912105119125,99.93208673261279,99.10925622374376
2019-09-11,108.17793241852041,99.93208673261279,100.47321360404429
2019-09-12,110.22042935897022,99.92359595504797,100.70981509681474
2019-09-13,108.96601950293199,99.92359595504797,100.79331900755643
2019-09-16,109.31444128258538,99.91510517748316,100.87683353680154
2019-09-17,108.24681659319859,99.91510517748316,100.40361993275727
2019-09-18,108.23482530557207,99.90662087648398,100.25052235072853
2019-09-19,108.77898285074401,99.89813009891918,101.07168307420113
2019-09-20,108.15285245183537,99.89813009891918,101.22478065622988
2019-09-23,103.5970204908129,99.88963932135437,100.72373595477282
2019-09-24,91.6185129020082,99.89813009891918,100.50104470145706
2019-09-25,90.7020881758588,99.88963932135437,100.32011602201555
2019-09-26,87.01555026521436,99.88963932135437,100.5706383727441
2019-09-27,88.28078543048265,99.88963932135437,100.8350709629273
2019-09-30,89.06888394605498,99.90662087648398,101.00208940291412
2019-10-01,89.32389028006115,99.8811550203552,100.08351452924511
2019-10-02,89.635332254689,99.8811550203552,97.56437016400173
2019-10-04,87.48373060046288,99.87266424279039,98.92832754430225
2019-10-07,87.96702864580297,99.87266424279039,99.29018490318526
2019-10-08,87.88909099181095,99.86417346522558,98.1350085367458
2019-10-09,91.58477383105522,99.86417346522558,98.39944112692902
2019-10-10,91.28220815274956,99.86417346522558,99.13709793965994
2019-10-11,88.24213096040727,99.86417346522558,100.61239032811493
2019-10-14,88.90778459760828,99.85568268766075,100.05567281332894
2019-10-15,87.04179049471549,99.84719838666159,100.82116072347263
2019-10-16,85.06078748351914,99.85568268766075,100.50104470145706
2019-10-17,85.26612542406748,99.84719838666159,100.2783640666447
2019-10-18,83.55529789719226,99.84719838666159,99.83299217851658
2019-10-21,86.53036036277018,99.83870760909677,100.30619516405747
2019-10-22,84.97057847846222,99.83870760909677,100.59846947015684
2019-10-23,79.01510376407548,99.83870760909677,100.58454861219876
2019-10-24,78.9960423035252,99.83021683153196,101.18301808235563
2019-10-25,91.4942676158188,99.82172605396715,101.5727277756582
2019-10-28,97.62451334690898,99.83021683153196,101.93458513454121
2019-10-29,99.29899549818028,99.83021683153196,101.90675403712845
2019-10-30,96.61340431626913,99.82172605396715,101.60055887307098
2019-10-31,96.51847995740293,99.82172605396715,101.08559331365583
2019-11-01,97.06623831821105,99.82172605396715,102.01809966378632
2019-11-04,99.01129604442971,99.83870760909677,102.99234735078429
2019-11-05,98.75438070657833,99.81324175296798,103.60473767889921
2019-11-06,98.98639897631669,99.81324175296798,103.59081682094113
2019-11-07,98.1511469226515,99.80475097540317,104.41196692591035
2019-11-08,93.53234641263884,99.80475097540317,104.1753654331399
2019-11-11,92.89503633851692,99.79626019783836,103.89701198499861
2019-11-12,93.70848345305188,99.79626019783836,104.52331255256824
2019-11-13,93.64941864545774,99.79626019783836,104.16144457518182
2019-11-14,92.50084990680175,99.7877758968392,103.93876394036945
2019-11-15,89.9469685590496,99.7877758968392,104.48156059719737
2019-11-18,87.84542967332715,99.79626019783836,104.34238387312674
2019-11-19,86.711235619314,99.77928511927438,104.30063191775587
2019-11-20,84.81283417569557,99.77928511927438,104.21711738851076
2019-11-21,80.84795321637426,99.77928511927438,103.68824158964091
2019-11-22,77.49553670328525,99.77928511927438,104.1753654331399
2019-11-25,75.96880230470491,99.80475097540317,105.24704850734106
2019-11-26,76.64962509222089,99.77928511927438,105.30272132066997
2019-11-27,80.1217601518424,99.77928511927438,105.77592430621088
2019-11-28,79.33478760560392,99.77079434170956,105.73417235084001
2019-11-29,82.45237378341014,99.77928511927438,105.23312764938298
2019-12-02,77.38487163606659,99.77079434170956,103.61864791835391
2019-12-03,77.31304393749532,99.76230356414474,102.81141867134278
2019-12-04,76.5950355840603,99.75381926314559,104.00835761165648
2019-12-05,78.51119533590352,99.76230356414474,103.72999354501178
2019-12-06,79.88371194480852,99.76230356414474,105.37230437345362
2019-12-09,78.29822709555468,99.74532848558077,105.01043639606719
2019-12-10,76.80196245595288,99.77928511927438,104.66248927663888
2019-12-11,75.88685231328971,99.76230356414474,104.75991404533866
2019-12-12,75.78850432177894,99.76230356414474,105.44189804474064
2019-12-13,76.5211445609737,99.76230356414474,105.58107476881129
2019-12-16,72.86492208863767,99.74532848558077,106.73626175375415
2019-12-17,69.7041432699384,99.74532848558077,106.48573940302562
2019-12-18,76.630569347251,99.74532848558077,106.80584480653776
2019-12-19,75.79718057278802,99.74532848558077,106.9728632465246
2019-12-20,76.28272484121547,99.74532848558077,107.9749526494387
2019-12-23,77.62262263292097,99.73683770801595,107.82185506740998
2019-12-27,76.3637774865118,99.73683770801595,107.86360702278084
2019-12-30,76.21145155394056,99.72835340701678,107.55741185872336
2020-01-02,73.19382516131083,99.71986262945197,107.72443029871017
2020-01-03,77.04256552741433,99.71986262945197,107.65483662742315
2020-01-06,81.23289183904285,99.71137185188717,107.30688950799482
2020-01-07,85.69339363499252,99.70288107432235,107.9888628888934
2020-01-08,85.10824394737185,99.71137185188717,108.28114781349618
2020-01-09,83.02422331549843,99.70288107432235,109.11621877642348
2020-01-10,85.95783067661726,99.70288107432235,109.08837706050731
2020-01-13,85.6111292866567,99.69439677332318,109.04662510513646
2020-01-14,92.8657897137386,99.66893091719439,109.42241394048095
2020-01-15,92.42891361220336,99.69439677332318,109.36674112715201
2020-01-16,91.68986049182799,99.68590599575838,109.82603387323822
2020-01-17,94.2410612323843,99.68590599575838,110.70285679153638
2020-01-20,91.32911020530592,99.69439677332318,110.81420241819427
2020-01-21,92.34954706311761,99.66044013962957,110.46625529876593
2020-01-22,91.57307403802781,99.67741521819356,110.68893593357829
2020-01-23,89.01218538873606,99.67741521819356,110.2157329480374
2020-01-24,89.66726520224353,99.67741521819356,110.70285679153638
2020-01-27,94.64489556377227,99.65194936206476,108.12805023146745
2020-01-28,99.38854721149409,99.66893091719439,109.2693163584522
2020-01-29,99.01609713194462,99.66893091719439,109.64509457529333
2020-01-30,100.91659619356064,99.66893091719439,108.28114781349618
2020-01-31,98.64961411830657,99.66893091719439,106.87543847782479
2020-02-03,98.33721192617574,99.66893091719439,107.54349100076527
2020-02-04,97.29558169633395,99.64345858449994,109.7564402019512
2020-02-05,102.3046477499246,99.64345858449994,110.68893593357829
2020-02-06,103.71635037787988,99.67741521819356,111.48225494113473
2020-02-07,104.7613870936251,99.66044013962957,111.27348454577705
2020-02-10,105.74823920115391,99.64345858449994,111.6075214257507
2020-02-11,109.43836649627379,99.65194936206476,112.58176911274865
2020-02-12,111.14747363345616,99.65194936206476,113.24983225419254
2020-02-13,110.27936842379611,99.64345858449994,113.58385851566277
2020-02-14,111.4523884152959,99.64345858449994,113.4585920310468
2020-02-17,104.66890900315934,99.66893091719439,113.89005367972025
2020-02-18,109.97691134151759,99.63497428350078,113.15240748549273
2020-02-19,104.31374283866357,99.63497428350078,114.27975275451942
2020-02-20,104.2596048613526,99.63497428350078,112.9018851347642
2020-02-21,104.5357245492636,99.63497428350078,112.17814917999138
2020-02-24,104.12422562459291,99.62648350593597,108.47599735089577
2020-02-25,100.50960114622536,99.62648350593597,106.79193456708309
2020-02-26,94.85974423006446,99.62648350593597,106.47181854506753
2020-02-27,93.49182294778086,99.61799272837115,102.11552443248613
2020-02-28,92.05760664872888,99.61799272837115,98.037583768046
2020-03-02,93.1683382453031,99.63497428350078,99.3458577165142
2020-03-03,92.03438996124608,99.61799272837115,100.22269125331576
2020-03-04,92.01764902632802,99.61799272837115,101.09951417161392
2020-03-05,94.69506121272269,99.62648350593597,100.37578883534451
2020-03-06,94.61257967233263,99.60950195080633,96.01948410425969
2020-03-09,81.37910781619334,99.60101764980718,89.43633055103768
2020-03-10,81.8122687904849,99.61799272837115,89.53375531973748
2020-03-11,82.22918036977062,99.60101764980718,89.96520634990752
2020-03-12,52.02205802502922,98.76909631572791,81.50313516622151
2020-03-13,58.4535319886173,99.63497428350078,83.10368873004079
2020-03-16,52.59389612595676,99.20203529961434,80.48713021460101
2020-03-17,55.54186674055769,99.88963932135437,81.82324587898538
2020-03-18,55.957257975463705,99.50763852629116,78.19067710267339
2020-03-19,67.98829174791365,99.62648350593597,80.51496131201378
2020-03-20,67.41912853860154,99.62648350593597,80.89074483810657
2020-03-23,69.77428487229908,99.55857023854875,76.07515797943897
2020-03-24,73.00253611732394,99.62648350593597,82.47738285321947
2020-03-25,71.824635020184,99.61799272837115,84.73208400977624
2020-03-26,71.16639449072922,99.54159515998478,86.33263757359552
2020-03-27,67.81825323176062,99.64345858449994,83.96660140888427
2020-03-30,68.24494416906778,99.64345858449994,85.55323942399717
2020-03-31,68.35171692605113,99.66893091719439,86.97286430837494
2020-04-01,70.60940546761564,99.53310438241996,83.54906061816891
2020-04-02,73.33070759570911,99.62648350593597,84.4119732970124
2020-04-03,72.95014139202732,99.53310438241996,83.9387650022198
2020-04-06,78.80672513476767,99.52461360485515,87.57132846928009
2020-04-07,77.09932695611738,99.55007946098394,90.20180784267795
2020-04-08,79.04226991759732,99.55007946098394,90.13222478989434
2020-04-09,78.23445264973164,99.49065697116154,91.57968608093657
2020-04-14,72.91414466682625,99.47368189259755,92.31733227516408
2020-04-15,71.29919600073983,99.40576862521034,90.74460449950587
2020-04-16,76.7194866311432,99.42275018033997,91.85803952907787
2020-04-17,76.39163522525902,99.46519111503275,93.11065128272053
2020-04-20,74.14530925747981,99.48217267016237,93.98747420101867
2020-04-21,74.1838265536262,99.49914774872634,90.03480002119453
2020-04-22,77.08940470858656,99.56706101611357,92.21990750646428
2020-04-23,80.71339702318858,99.49914774872634,93.48642949956162
2020-04-24,81.67316299532077,99.48217267016237,92.51218181256367
2020-04-27,84.30230710544949,99.50763852629116,94.57202281321744
2020-04-28,84.36086894197062,99.49065697116154,95.2679170520741
2020-04-29,94.7179864056064,99.53310438241996,96.8406448277323
2020-04-30,92.61120633268015,99.50763852629116,95.1704922833743
2020-05-04,95.67697505880761,99.54159515998478,92.24773860387705
2020-05-05,97.24153516830899,99.55007946098394,94.94781164856194
2020-05-06,100.4652711048377,99.42275018033997,94.57202281321744
2020-05-07,107.49870427792901,99.41425940277514,95.58803307408965
2020-05-08,105.04029598475906,99.47368189259755,96.17258168628842
2020-05-11,93.15912472973878,99.45670681403358,96.3813520816461
2020-05-12,95.01956328850719,99.59252687224236,96.33960012627524
2020-05-13,100.27423354638731,99.49065697116154,94.16841349896357
2020-05-14,105.42959559525369,99.46519111503275,93.27765910420393
2020-05-15,100.90126700699517,99.47368189259755,93.61169598417757
2020-05-18,104.31816669787372,99.46519111503275,97.02157350717381
2020-05-19,104.22671741187546,99.45670681403358,96.6597055297874
2020-05-20,101.52452818455563,99.49065697116154,97.04941522308998
2020-05-21,97.08890630997787,99.48217267016237,96.18650254424651
2020-05-22,98.60715878728188,99.45670681403358,96.15866082833034
2020-05-25,95.642784457005,99.44821603646876,97.92623814138814
2020-05-26,94.19693695189014,99.47368189259755,98.07933572341688
2020-05-27,97.55452034963805,99.45670681403358,97.80097165677218
2020-05-28,100.65789759463229,99.44821603646876,98.97007949967312
2020-05-29,99.49547428914755,99.49065697116154,97.20250218661532
2020-06-02,99.72622370004268,99.46519111503275,99.26235380577249
2020-06-03,100.61450490842611,99.46519111503275,100.94641658958518
2020-06-04,101.16078864949752,99.45670681403358,99.9025752313002
2020-06-05,100.20411480634814,99.41425940277514,102.75574585801384
2020-06-08,101.1833994854606,99.43972525890395,102.74182500005575
2020-06-09,101.17473466561226,99.43972525890395,102.0459307611991
2020-06-10,101.64849912288703,99.43123448133913,101.73973559714162
2020-06-11,96.66068359713023,99.45670681403358,98.06541486545879
2020-06-12,98.58451365783655,99.44821603646876,98.3298580741454
2020-06-15,97.57502785202317,99.43123448133913,97.36952062660214
2020-06-16,99.10093920702953,99.45670681403358,100.43146164867342
2020-06-17,98.70289475856131,99.43123448133913,101.08559331365583
2020-06-18,98.29798018248248,99.45670681403358,100.68197338089857
2020-06-19,97.25026857512181,99.45670681403358,101.51705496232925
2020-06-22,100.1402489112391,99.45670681403358,100.2783640666447
2020-06-23,99.64497100943322,99.48217267016237,101.22478065622988
2020-06-24,96.90400728485012,99.48217267016237,98.85873387301523
2020-06-25,96.66176955740146,99.41425940277514,99.17884989503078
2020-06-26,95.60865101100615,99.47368189259755,98.74738824635735
2020-06-29,95.65690765611136,99.43972525890395,98.87265473097332
2020-06-30,95.21102951548568,99.46519111503275,99.5407072539138
2020-07-01,96.00444352080666,99.43123448133913,100.02784171591617
2020-07-02,95.02543890513256,99.43123448133913,101.7536564550997
2020-07-03,94.57491399766211,99.40576862521034,101.28044285105543
2020-07-06,97.0114601958981,99.42275018033997,102.72790414209767
2020-07-07,96.05520930569644,99.42275018033997,102.56089632061425
2020-07-08,97.34728483640524,99.43123448133913,101.670152544358
2020-07-09,96.2074609357228,99.43972525890395,101.3917884777133
2020-07-10,96.1127652000716,99.43972525890395,102.14335552989888
2020-07-13,95.36280675234093,99.41425940277514,103.632568776312
2020-07-14,94.82970313961403,99.41425940277514,101.60055887307098
2020-07-15,94.24723405918918,99.43972525890395,103.06194102207131
2020-07-16,93.84787502723474,99.43972525890395,102.22685944064061
2020-07-17,93.73663268639822,99.41425940277514,102.60264827598509
2020-07-20,93.62441869689798,99.43972525890395,103.1732760302258
2020-07-21,95.12063761185676,99.41425940277514,103.89701198499861
2020-07-22,96.40546007106981,99.40576862521034,102.71399390264297
2020-07-23,96.7204228432086,99.40576862521034,102.81141867134278
2020-07-24,95.76995612034635,99.40576862521034,100.94641658958518
2020-07-27,109.33164517951381,99.38030276908155,100.34794711942831
2020-07-28,108.99479173453919,99.38879354664635,101.08559331365583
2020-07-29,110.26954905671205,99.38030276908155,100.90466463421433
2020-07-30,109.52503755707865,99.37181199151674,99.87474413388743
2020-07-31,112.53009538846399,99.37181199151674,99.33194747705953
2020-08-03,111.95024975943122,99.39727784764553,101.54488605974204
2020-08-04,111.02653195272347,99.39727784764553,101.61447973102906
2020-08-05,115.81940046305346,99.38879354664635,101.64231082844184
2020-08-06,116.11568471852709,99.38879354664635,101.61447973102906
2020-08-07,115.19453892298803,99.41425940277514,102.32428420934039
2020-08-10,118.4476072180007,99.38879354664635,102.588727418027
2020-08-11,113.80999673297426,99.38879354664635,103.57689596298304
2020-08-12,114.98747487716645,99.38030276908155,103.96659503778223
2020-08-13,116.7358366203636,99.34634613538795,103.61864791835391
2020-08-14,116.32782419972159,99.43123448133913,103.22894884355472
2020-08-17,120.7972137231542,99.39727784764553,103.4237983809543
2020-08-18,117.45868607037617,99.37181199151674,102.9784264928262
2020-08-19,116.20995750123055,99.36332769051756,103.5212231496541
2020-08-20,117.13278367739983,99.36332769051756,102.93667453745535
2020-08-21,115.04046973840245,99.38879354664635,103.66041049222817
2020-08-24,116.85756705118806,99.36332769051756,104.66248927663888
2020-08-25,112.41302887122546,99.35483691295276,104.81558685866761
2020-08-26,113.58005893449237,99.37181199151674,105.62282672418215
2020-08-27,112.15138103282368,99.35483691295276,106.17954423896813
2020-08-28,113.49039290957106,99.38030276908155,105.51148109752427
2020-08-31,114.53867607496922,99.35483691295276,104.84342857458377
2020-09-01,117.50649118463177,99.34634613538795,105.24704850734106
2020-09-02,112.77237884055566,99.33785535782313,106.90326957523757
2020-09-03,101.29224699812002,99.30390520069517,104.91301162736741
2020-09-04,103.94161283161512,99.36332769051756,103.08977211948407
2020-09-07,102.70047455320737,99.32937105682397,104.48156059719737
2020-09-08,100.78663532699636,99.32937105682397,102.76965609746851
2020-09-09,101.57313348006372,99.32088027925914,103.92484308241137
2020-09-10,102.57619497353572,99.32937105682397,103.45164009687049
2020-09-11,102.77089050342603,99.34634613538795,102.90884344004256
2020-09-14,105.34826288651897,99.32088027925914,103.74391440296986
2020-09-15,106.69345902123202,99.33785535782313,104.69033099255505
2020-09-16,108.84250581103056,99.29541442313035,105.03827811198336
2020-09-17,108.15525299559283,99.32088027925914,103.72999354501178
2020-09-18,108.19950301885524,99.33785535782313,102.93667453745535
2020-09-21,104.09089235984655,99.28692364556554,100.76548791014368
2020-09-22,105.36503239933892,99.30390520069517,101.83716036584143
2020-09-23,102.88864289030954,99.30390520069517,102.588727418027
2020-09-24,107.89430245799679,99.30390520069517,101.36395738030053
2020-09-25,107.61261579480062,99.32937105682397,101.85108122379951
2020-09-28,107.35844393552915,99.30390520069517,103.96659503778223
2020-09-29,108.11119730206316,99.27843286800073,103.10369297744215
2020-09-30,107.68652968020871,99.27843286800073,103.85526002962774
2020-10-01,105.84725591556854,99.29541442313035,104.0918615223982
2020-10-02,105.65555534979467,99.32088027925914,103.78566635834072
2020-10-05,107.1666747827908,99.28692364556554,104.35630473108482
2020-10-06,105.75773849573697,99.28692364556554,104.70425185051313
2020-10-07,106.14348301523842,99.28692364556554,104.99652615661252
2020-10-08,108.58703079943366,99.25296701187193,105.78984516416897
2020-10-09,109.4867545997276,99.28692364556554,106.20737533638092
2020-10-12,114.50270221208964,99.26145778943675,107.58525357463952
2020-10-13,113.90247482344,99.26994856700156,107.82185506740998
2020-10-14,113.91368879213555,99.28692364556554,107.5156599033525
2020-10-15,114.94184168345332,99.27843286800073,106.34656267895497
2020-10-16,113.11538225001365,99.30390520069517,107.23730645521121
2020-10-19,116.79243229723579,99.26994856700156,106.41614573173858
2020-10-20,117.9196019029682,98.93038870663113,105.37230437345362
2020-10-21,126.65420898768156,99.26994856700156,104.99652615661252
2020-10-22,128.44645495699712,99.22750115574314,104.99652615661252
2020-10-23,127.60405842786331,99.29541442313035,105.30272132066997
2020-10-26,129.6064777187244,99.26145778943675,103.82741831371159
2020-10-27,135.65662530644084,99.26145778943675,103.82741831371159
2020-10-28,132.22155006997014,99.26145778943675,101.71190449972886
2020-10-29,134.6944302126493,99.24448271087277,102.43562983599827
2020-10-30,135.81429530666261,99.25296701187193,101.85108122379951
2020-11-02,136.26171093840912,99.25296701187193,103.06194102207131
2020-11-03,138.8358483030099,99.22750115574314,104.57898536589715
2020-11-04,140.9999613626767,99.26994856700156,107.02853605985354
2020-11-05,154.3271858837053,99.23599193330796,107.72443029871017
2020-11-06,153.44871261124518,99.26145778943675,107.1398816865114
2020-11-09,151.78675901215567,99.23599193330796,110.78636070227807
2020-11-10,151.44819089306858,99.22750115574314,109.25539550049412
2020-11-11,156.02576492183715,99.22750115574314,110.66110483616552
2020-11-12,161.40812696087275,99.19354452204954,109.89561692602183
2020-11-13,161.38172097954075,99.23599193330796,109.8399441126929
2020-11-16,164.9906070152119,99.21901037817833,111.5240068965056
2020-11-17,174.10423709690582,99.21052607717917,111.13430782170641
2020-11-18,175.93732660358037,99.22750115574314,111.44050298576389
2020-11-19,175.7673452432311,99.20203529961434,110.48016553822062
2020-11-20,183.83711601873705,99.21901037817833,110.98121023967767
2020-11-23,181.51683044090672,99.17656944348555,110.99513109763576
2020-11-24,187.98729037823196,99.20203529961434,112.42867153071991
2020-11-25,184.00374804898664,99.19354452204954,112.05289331387883
2020-11-26,168.54876155947554,99.19354452204954,112.2477428512784
2020-11-27,167.40166744055625,99.16807866592073,112.33124676202011
2020-11-30,192.4430653892116,99.18505374448472,110.93945828430682
2020-12-01,182.3323751734393,99.19354452204954,111.9693787846337
2020-12-02,185.5327801108777,99.21052607717917,111.45442384372197
2020-12-03,187.41429201448832,99.18505374448472,111.62143166520538
2020-12-04,180.59519310545542,99.20203529961434,112.28949480664927
2020-12-07,185.49842947282457,99.18505374448472,112.26166370923649
2020-12-08,177.09732650298616,99.18505374448472,112.51217544146161
2020-12-09,179.8103753330183,99.16807866592073,112.77661865014824
2020-12-10,176.06193768691375,99.18505374448472,112.19207003794946
2020-12-11,174.5340944657407,99.17656944348555,111.48225494113473
2020-12-14,185.44508024560537,99.18505374448472,112.01114135850796
2020-12-15,186.99812917623169,99.19354452204954,111.89979573185009
2020-12-16,204.5361817956936,99.17656944348555,112.63744192607759
2020-12-17,217.7075538710597,99.14261280979194,112.59568997070673
2020-12-18,220.9726134536989,99.18505374448472,112.40084043330714
2020-12-21,218.16228544568608,99.15958788835593,111.10647672429363
2020-12-22,228.42991406739216,99.15110358735676,111.89979573185009
2020-12-23,223.10120989691606,99.17656944348555,112.52609629941972
2020-12-28,259.412817851998,99.17656944348555,113.12456576957656
2020-12-29,261.3874365599156,99.14261280979194,113.29158420956338
2020-12-30,274.5012870343888,99.13412203222714,113.31941530697615
2021-01-04,305.4436101983329,99.25296701187193,112.74878755273548
2021-01-05,323.5341994037964,99.11714695366315,113.16631772494743
2021-01-06,349.34925831199706,99.09168109753436,114.61377901598966
2021-01-07,375.62330118662305,99.07469954240473,115.40709802354611
2021-01-08,390.6395254330752,99.22750115574314,116.45093938183109
2021-01-11,342.353456520094,99.10016539853352,116.81280735921749
2021-01-12,325.2519370673449,99.11714695366315,116.86848017254643
2021-01-13,359.1592975688893,99.08319031996955,117.10508166531687
2021-01-14,377.5126891599903,99.10865617609834,117.85664871750248
2021-01-15,356.8522835686895,99.04923368627594,116.92415298587537
2021-01-18,355.0155932463788,99.07469954240473,117.13292338123304
2021-01-19,347.81348186526367,99.07469954240473,117.16075447864583
2021-01-20,343.4709667949929,99.06620876483991,118.71956139634594
2021-01-21,296.6001213074779,99.06620876483991,118.69171968042977
2021-01-22,317.4083089449519,99.08319031996955,117.77314480676075
2021-01-25,312.0056223021032,99.03225860771195,117.81489676213161
2021-01-26,313.4228804741829,99.08319031996955,118.14892302360185
2021-01-27,294.33197325382736,99.01527705258233,116.77105540384665
2021-01-28,323.18436016021,99.07469954240473,116.81280735921749
2021-01-29,330.94458653377256,99.07469954240473,114.44677119450624
2021-02-01,325.3028971819674,99.04074290871112,116.06124030703191
2021-02-02,345.33031367790966,99.03225860771195,118.60821576968806
2021-02-03,364.26895783707806,99.04074290871112,118.77522359117148
2021-02-04,361.2267830267382,99.01527705258233,119.74948189667283
2021-02-05,370.57589501987763,99.05772446384074,120.19485378480096
2021-02-08,448.66825834148943,99.03225860771195,120.57063200164204
2021-02-09,449.0501962844612,99.02376783014715,120.58455285960012
2021-02-10,433.8652252430208,99.02376783014715,120.29227855350075
2021-02-11,462.3025238402573,98.99830197401836,120.96034169494463
2021-02-12,458.7964953890127,99.04923368627594,121.30828881437294
2021-02-15,462.58775416328587,99.04074290871112,122.35213017265794
2021-02-16,476.42288801874895,99.01527705258233,122.03201415064238
2021-02-17,506.7685503161973,99.01527705258233,121.58664226251426
2021-02-18,500.2869907217841,99.0067862750175,120.75157129958696
2021-02-19,539.84635148213,99.03225860771195,121.3639510091985
2021-02-22,521.6354150162929,98.99830197401836,119.88865862074347
2021-02-23,470.342927963797,98.97282964132391,119.02574594190001
2021-02-24,478.1046403882571,98.97282964132391,119.88865862074347
2021-02-25,453.41479635730065,98.98981119645353,118.76131335171681
2021-02-26,449.32660175139097,98.98132041888871,117.77314480676075
2021-03-01,482.175551079113,98.98132041888871,120.18093292684287
2021-03-02,468.60305957303694,98.98981119645353,119.41545563520259
2021-03-03,491.07891638997546,98.98132041888871,119.34586196391557
2021-03-04,474.992392562521,98.98132041888871,118.53862209840102
2021-03-05,480.8216443999086,98.98132041888871,117.32777291863263
2021-03-08,516.0549509614635,99.0067862750175,120.4314552775714
2021-03-09,539.4161283161511,98.97282964132391,121.08559756105718
2021-03-10,549.7998746687535,98.94736378519512,121.26652624049869
2021-03-11,564.7602919884253,98.97282964132391,122.31036759878367
2021-03-12,561.4305777605854,98.98981119645353,121.6423150758432
2021-03-15,548.712725556806,98.96434534032474,122.19903259062919
2021-03-16,558.6697695409406,98.96434534032474,123.3959715309429
2021-03-17,575.0902204362177,98.95585456275992,122.54697971005753
2021-03-18,568.256398192139,98.95585456275992,122.89492682948584
2021-03-19,571.6963545342498,98.98132041888871,122.21294283008388
2021-03-22,534.9347932297351,98.95585456275992,122.3799612700707
2021-03-23,541.1488179379604,98.94736378519512,122.49130689672857
2021-03-24,522.9509587200209,98.93038870663113,122.1851117326711
2021-03-25,513.9576073117362,98.94736378519512,121.89283742657173
2021-03-26,547.2259887896893,98.96434534032474,122.92275792689861
2021-03-29,574.4102492701775,98.93887948419595,123.43772348631377
2021-03-30,588.2847520432629,98.93887948419595,124.1336177251704
2021-03-31,588.0912910787334,98.93887948419595,124.53723765792768
2021-04-01,587.2962309862645,98.93887948419595,125.26096299419709
2021-04-06,573.6707446189525,98.95585456275992,126.09603395712439
2021-04-07,552.6172899964312,98.9134071515015,125.21921103882623
2021-04-08,572.9656706239059,98.92189792906633,125.87335332231204
2021-04-09,572.8922825718922,98.93887948419595,126.06820285971163
2021-04-12,588.4781215585062,98.9134071515015,125.84551160639586
2021-04-13,621.8390954385325,98.9134071515015,126.10995481508247
2021-04-14,616.4600027114714,98.93038870663113,126.33263544989484
2021-04-15,619.1791100567008,98.87945699437356,126.97286749392596
2021-04-16,601.5021916964505,98.93038870663113,127.2929728974381
2021-04-19,541.6938556825099,98.90492285050234,126.4579019345108
2021-04-20,549.3830488231735,98.87945699437356,124.77383915069812
2021-04-21,524.2219208968248,98.89643207293753,125.69241402436712
2021-04-22,504.3124511174988,98.88794129537271,126.68058256932318
2021-04-23,494.34008937795966,98.90492285050234,126.30480435248208
2021-04-26,523.4920641452727,98.88794129537271,126.58315780062337
2021-04-27,532.8641984961622,98.88794129537271,126.4579019345108
2021-04-28,528.8394696947354,98.87945699437356,126.49965388988167
2021-04-29,517.0436549170338,98.87945699437356,126.19345872582419
2021-04-30,562.4151664982857,98.89643207293753,126.360477165811
2021-05-03,555.2246920388138,98.87096621680872,126.54140584525251
2021-05-04,519.5754741245389,98.87096621680872,125.12178627012645
2021-05-05,559.7932240194293,98.86247543924392,126.75017624061017
2021-05-06,547.1454219687248,98.82851880555032,126.13778591249525
2021-05-07,551.9792026033783,98.87945699437356,127.04245054670957
2021-05-10,538.5761208996141,98.86247543924392,126.66667232986848
2021-05-11,546.5598264658348,98.8539846616791,124.34237750202468
2021-05-12,476.3616627217731,98.82851880555032,123.6882458370423
2021-05-13,481.87710633425763,98.84550036067994,123.84134341907102
2021-05-14,480.77774874262946,98.87096621680872,124.9826095460558
2021-05-17,419.2220912211201,98.84550036067994,124.49547508405341
2021-05-18,410.94291301183875,98.84550036067994,124.74599743478194
2021-05-19,355.8849558837213,98.83700958311513,122.64440447875731
2021-05-20,390.48566200938313,98.83700958311513,124.71816633736918
2021-05-21,358.514237167779,98.8539846616791,125.20529018086815
2021-05-25,367.0490618560684,98.80305294942153,125.45581253159668
2021-05-26,377.263078333858,98.82003450455115,125.91510527768288
2021-05-27,369.0049334603564,98.82003450455115,126.360477165811
2021-05-28,342.71763043926063,98.7945621718567,126.88935296468085
2021-05-31,357.2440294475846,98.82003450455115,126.20737958378227
2021-06-01,351.4789064220032,98.81154372698633,126.68058256932318
2021-06-02,360.2371645783079,98.81154372698633,127.16771703132554
2021-06-03,378.34019088666713,98.81154372698633,127.34864571076704
2021-06-04,354.94261671615214,98.82851880555032,127.73834478556623
2021-06-07,322.2115912427249,98.80305294942153,127.47390157687961
2021-06-08,321.8772983777582,98.77758709329272,127.55741610612472
2021-06-09,358.94388877572044,98.80305294942153,127.72442392760814
2021-06-10,352.9268001048923,98.80305294942153,128.16979581573628
2021-06-11,360.90488154002423,98.82003450455115,128.92136286792186
2021-06-14,388.3714002417462,98.7945621718567,128.83785895718015
2021-06-15,390.0930244999496,98.78607787085754,128.7821861438512
2021-06-16,374.2173141390427,98.78607787085754,129.10230216586675
2021-06-17,373.909793052552,98.78607787085754,130.27139939026432
2021-06-18,353.1066808504509,98.80305294942153,129.21363717402124
2021-06-21,311.26193384604375,98.77758709329272,129.64509882269468
2021-06-22,318.7690514582846,98.77758709329272,130.20181633748066
2021-06-23,330.8746506923054,98.74363045959912,129.92345227083598
2021-06-24,340.1586050691711,98.76909631572791,130.81419604709222
2021-06-25,310.2292427839083,98.78607787085754,131.13431206910778
2021-06-28,337.8947551319625,98.76909631572791,131.06471839782074
2021-06-29,352.80380081522463,98.76060553816309,131.60751505464864
2021-06-30,345.9569470478913,98.76060553816309,131.7327815392646
2021-07-01,331.7506662652043,98.75212123716393,131.91371021870611
2021-07-02,334.4183562493813,98.77758709329272,132.52610054682108
2021-07-05,332.95187549911304,98.7351396820343,132.76270203959152
2021-07-06,338.9646203288562,98.76909631572791,132.35908210683425
2021-07-07,336.0405065467401,98.75212123716393,133.12457001697794
2021-07-08,324.8595967680908,98.74363045959912,131.07863925577882
2021-07-09,333.0788756950431,98.76060553816309,132.62352531552085
2021-07-12,327.1520703318169,98.7351396820343,133.01322439032003
2021-07-13,325.0876712873705,98.74363045959912,133.8065433978765
2021-07-14,324.68129352271563,98.7351396820343,133.38900260716113
2021-07-15,314.95376438411535,98.72665538103514,133.12457001697794
2021-07-16,311.5566520324947,98.7351396820343,132.58177336015
2021-07-19,305.9180719564134,98.72665538103514,130.00696680008107
2021-07-20,296.14763024035847,98.7011830483407,131.6492670100195
2021-07-21,318.7112555095337,98.70967382590551,132.44259663607934
2021-07-22,321.2921829836198,98.71816460347033,133.15240111439067
2021-07-23,333.93276054073044,98.7011830483407,134.19624247267566
2021-07-26,370.2317484943447,98.70967382590551,133.625614718435
2021-07-27,390.2156122678303,98.68420796977672,132.01113498740594
2021-07-28,395.22739893767937,98.7011830483407,133.30549869641942
2021-07-29,393.8093863089902,98.70967382590551,133.4307651810354
2021-07-30,416.5999658436917,98.71816460347033,132.72095008422068
2021-08-02,386.4575495843744,98.69269874734154,133.3194195543775
2021-08-03,376.2739399941792,98.7011830483407,133.08281806160707
2021-08-04,393.02635179763007,98.68420796977672,133.7091186291767
2021-08-05,404.26620064110523,98.68420796977672,134.47460653932038
2021-08-06,426.07973600420115,98.6757171922119,134.87822647207764
2021-08-09,462.3901779808866,98.68420796977672,135.17050077817703
2021-08-10,455.297142735646,98.6757171922119,135.60195180834705
2021-08-11,454.52384757324455,98.6757171922119,135.65762462167598
2021-08-12,443.1363538575252,98.65874211364792,135.78288048778856
2021-08-13,474.2466693598481,98.66723289121275,135.53235813706004
2021-08-16,457.194166724394,98.65874211364792,135.0034823381902
2021-08-17,446.8051620378468,98.6417605585183,135.24008383096066
2021-08-18,448.1111950158311,98.65874211364792,135.2818357863315
2021-08-19,468.35664947191464,98.6502513360831,133.63952495788968
2021-08-20,493.60277950959863,98.6757171922119,134.41893372599142
2021-08-23,493.82385815849943,98.6502513360831,135.39318141298938
2021-08-24,475.14154634798416,98.6502513360831,135.9359780698173
2021-08-25,486.821632054255,98.6417605585183,136.03340283851708
2021-08-26,467.50525661927077,98.6417605585183,135.42102312890557
2021-08-27,486.84792372397953,98.65874211364792,135.99165088314624
2021-08-30,466.916414666728,98.63327625751913,136.53444753997414
2021-08-31,467.49204219744405,98.63327625751913,136.60404121126118
2021-09-01,482.86078057909805,98.62478547995431,136.65971402459013
2021-09-02,486.2833158322262,98.62478547995431,136.88239465940248
2021-09-03,492.9454420418431,98.6417605585183,136.6875451220029
2021-09-06,518.8943141177807,98.62478547995431,137.6061306141753
2021-09-07,462.61829822480934,98.62478547995431,136.97981942810227
2021-09-08,456.49000722220734,98.61629470238951,136.40919167386159
2021-09-09,459.24487123826225,98.61629470238951,136.5622892558903
2021-09-10,444.84160869353497,98.60781040139034,136.00557174110432
2021-09-13,445.6677615432433,98.60781040139034,135.8524741590756
2021-09-14,467.0532227985814,98.59931962382552,135.61587266630514
2021-09-15,477.1417251313383,98.62478547995431,135.1844110176317
2021-09-16,475.4225242792138,98.59931962382552,135.6715454796341
2021-09-17,471.87923024392495,98.61629470238951,135.24008383096066
2021-09-20,427.6548585062353,98.59082884626072,132.79054375550768
2021-09-21,406.3329545046661,98.59082884626072,133.84829535324735
2021-09-22,436.42214727953234,98.59082884626072,134.66945607671997
2021-09-23,447.62893720611913,98.59082884626072,135.7550493903758
2021-09-24,427.8475878764767,98.58233806869589,135.33750859966045
2021-09-27,422.709509742664,98.58233806869589,135.6715454796341
2021-09-28,411.0253088185233,98.58233806869589,133.23591564363582
2021-09-29,419.39401587879684,98.56536299013192,134.12665941989204
2021-09-30,442.8884805678269,98.56536299013192,134.15449051730482
2021-10-01,485.7994119353664,98.59082884626072,133.26374674104858
2021-10-04,494.90049060255706,98.56536299013192,131.59360481519397
2021-10-05,520.0194604080604,98.56536299013192,133.90396816657628
2021-10-06,560.8208853708348,98.5568722125671,132.84620595033323
2021-10-07,544.8558976444722,98.5568722125671,135.8246324431594
2021-10-08,546.0464301742406,98.5568722125671,135.26792554687682
2021-10-11,582.4188290421899,98.54838143500228,135.6437037637179
2021-10-12,568.9098033405967,98.54838143500228,134.78079108487444
2021-10-13,579.3918576756472,98.54838143500228,134.4467648234042
2021-10-14,578.9053931987794,98.53989713400311,136.4787747266452
2021-10-15,621.5577059855158,98.5229155788735,137.59220975621722
2021-10-18,625.1756683628223,98.53989713400311,137.55045780084635
2021-10-19,646.5979379557747,98.53989713400311,138.27418313711576
2021-10-20,662.9305060872074,98.53140635643831,138.7195550252439
2021-10-21,626.4289808274285,98.53989713400311,138.30202485303195
2021-10-22,610.1262708878743,98.53140635643831,138.53862634580238
2021-10-25,635.6495379867761,98.5229155788735,139.42937012205863
2021-10-26,609.3120978946317,98.51443127787432,140.29228280090211
2021-10-27,590.2144234271124,98.5229155788735,139.5685468461293
2021-10-28,607.4258191969884,98.51443127787432,139.08142300263032
2021-10-29,630.0527959590389,98.48895894517989,140.15309545832807
2021-11-01,615.6156514538493,98.50594050030952,140.59846734645618
2021-11-02,639.1649399898354,98.50594050030952,140.8768314131009
2021-11-03,634.6098053296187,98.53140635643831,140.79332750235915
2021-11-04,622.5064008784618,98.51443127787432,142.18511598007245
2021-11-05,619.4059042859766,98.5229155788735,142.797495689684
2021-11-08,682.490136622947,98.50594050030952,142.60264615228442
2021-11-09,676.153935668628,98.50594050030952,142.0737703534146
2021-11-10,662.3962593584056,98.50594050030952,142.7139917789423
2021-11-11,664.1267999219938,98.50594050030952,143.0758597563287
2021-11-12,656.2285537135383,98.50594050030952,143.93876181666877
2021-11-15,654.5065179335479,98.4974497227447,144.52331042886755
2021-11-16,622.1061730782905,98.5229155788735,145.83159499583914
2021-11-17,624.3601693549327,98.4974497227447,145.63674545843955
2021-11-18,586.2883226806346,98.51443127787432,144.85734730884118
2021-11-19,602.7403693042241,98.4974497227447,145.4140648236272
2021-11-22,586.1138831675929,98.48895894517989,146.0542862491549
2021-11-23,599.1870158474753,98.48047464418073,144.16145306998453
2021-11-24,588.0355527389175,98.50594050030952,145.4140648236272
2021-11-25,598.1100633309168,98.4974497227447,145.83159499583914
2021-11-26,553.9409726866131,98.4974497227447,140.5706362490434
2021-11-29,599.1985384575112,98.48895894517989,142.29645098822695
2021-11-30,588.9437813228094,98.50594050030952,140.4871323383017
2021-12-01,591.8376482535815,98.48047464418073,142.240778174898
2021-12-02,584.735742427599,98.48047464418073,140.06959154758633
2021-12-03,554.5052605058655,98.47198386661591,139.42937012205863
2021-12-06,524.7296930573302,98.46349308905108,141.01600813717153
2021-12-07,526.4550210116166,98.45500878805193,144.6624977714416
2021-12-08,521.1289688704344,98.45500878805193,143.60473555519854
2021-12-09,494.10561340866013,98.44651801048711,143.96660353258494
2021-12-10,488.58660327402157,98.42953645535749,143.24286757781212
2021-12-13,484.85716421708327,98.4125613767935,142.8810102189291
2021-12-14,484.67229948543775,98.42953645535749,141.62839846528647
2021-12-15,506.93782294458015,98.42953645535749,141.57272565195754
2021-12-16,492.2809258051367,98.42953645535749,143.52123164445683
2021-12-17,481.14990161199944,98.4380272329223,142.46346942821378
2021-12-20,486.59698688320026,98.4125613767935,139.26235168207182
2021-12-21,507.4900394580807,98.4125613767935,141.76757518935713
2021-12-22,502.559917000628,98.42105215435832,142.96451412967082
2021-12-23,524.9885859859913,98.40407059922869,144.49547933145476
2021-12-27,523.2059193293841,98.40407059922869,145.30271919696932
2021-12-28,492.3908478469066,98.3786047430999,146.0542862491549
2021-12-29,478.5813655161661,98.40407059922869,145.1913735703114
2021-12-30,487.73246694279777,98.39558629822953,145.74809108509743
2022-01-03,481.16339038168417,98.36162966453593,145.8594367117553
2022-01-04,476.155215958632,98.3446481094063,146.5274892346958
2022-01-05,450.8993465719892,98.3446481094063,145.9707717199098
2022-01-06,447.19148954654645,98.3446481094063,143.91093071925602
2022-01-07,428.13949399738317,98.3276730308423,143.04801804041253
2022-01-10,432.07606568710764,98.31069147571269,141.43354892788687
2022-01-11,440.12245973888025,98.35313888697111,143.35421320447003
2022-01-12,449.6767153428354,98.33615733184148,144.0222763459139
2022-01-13,435.1556661177423,98.31069147571269,143.52123164445683
2022-01-14,441.95400603885366,98.31069147571269,141.7954062867699
2022-01-17,433.4404890342018,98.3191822532775,142.797495689684
2022-01-18,437.83032910997673,98.3191822532775,141.322203301229
2022-01-19,430.77305053556125,98.33615733184148,140.82115859977193
2022-01-20,420.90324917026913,98.3191822532775,142.15727426415629
2022-01-21,376.1664642208098,98.3276730308423,138.9283254206016
2022-01-24,378.8994489951895,98.31069147571269,133.500348233819
2022-01-25,382.6923309942892,98.30220717471352,134.8364638982034
2022-01-26,383.7496905013227,98.2852256195839,137.3138563080759
2022-01-27,390.0777067445449,98.27673484201908,138.23243118174494
2022-01-28,396.6892614990047,98.27673484201908,136.6875451220029
2022-01-31,401.1526725253652,98.27673484201908,139.0953438605884
2022-02-01,402.29213062890364,98.2937163971487,140.208768271657
2022-02-02,382.8024816592742,98.26825054101991,140.40361780905658
2022-02-03,380.3175073485217,98.25126898589028,138.0654127417581
2022-02-04,424.30109311617787,98.26825054101991,136.6875451220029
2022-02-07,448.5130689031504,98.24278468489112,137.39736021881762
2022-02-08,452.1907933888568,98.26825054101991,138.03758164434535
2022-02-09,454.4295633593804,98.25126898589028,140.0139187342574
2022-02-10,446.8763553069964,98.25975976345511,139.31802449540075
2022-02-11,437.3242030366192,98.25975976345511,138.48295353247346
2022-02-14,440.91317599026434,98.2852256195839,137.10508591271824
2022-02-15,459.5103942401582,98.26825054101991,138.31593509248663
2022-02-16,452.4739203783074,98.25975976345511,137.85665296490384
2022-02-17,417.5815824795971,98.26825054101991,137.27209373420166
2022-02-18,413.8674154534204,98.27673484201908,135.74112853241772
2022-02-21,383.7469012980998,98.25126898589028,134.29366724137546
2022-02-22,395.59484216882043,98.26825054101991,134.3493400547044
2022-02-23,386.1513316502092,98.25975976345511,133.73694972658947
2022-02-24,400.95354170510393,98.2852256195839,131.70493982334847
2022-02-25,407.1514713389936,98.2852256195839,135.69937657704685
2022-02-28,450.84950671112017,98.26825054101991,136.24217323387478
2022-03-01,466.3807047493501,98.2088280511975,135.39318141298938
2022-03-02,462.6821755510791,98.19184649606788,136.6736242640448
2022-03-03,449.0549973719761,98.21731235219667,136.27001494979095
2022-03-04,419.1353972979937,98.25975976345511,134.85038475616147
2022-03-07,410.01566297645934,98.27673484201908,134.09881770397587
2022-03-08,416.0828201313715,98.22580312976149,131.4822591885361
2022-03-09,443.7901705277699,98.18336219506871,133.3472506517903
2022-03-10,419.1627406345072,98.22580312976149,132.1224806140638
2022-03-11,416.08460339244846,98.19184649606788,133.44467542049009
2022-03-14,424.31147261013865,98.22580312976149,131.7467023972227
2022-03-15,419.8771424567256,98.18336219506871,132.94363071903302
2022-03-16,436.9624296612101,98.2088280511975,135.99165088314624
2022-03-17,431.88603407080325,98.18336219506871,136.35351886053263
2022-03-18,442.20046186461894,98.19184649606788,138.56645744321517
2022-03-21,436.4574467039277,98.16638063993909,138.95615651801435
2022-03-22,449.54850344386574,98.16638063993909,140.82115859977193
2022-03-23,456.2024449423858,98.18336219506871,140.40361780905658
2022-03-24,467.43932168406604,98.18336219506871,140.40361780905658
2022-03-25,472.6368418537776,98.18336219506871,140.96033532384257
2022-03-28,501.89887583678956,98.17487141750391,141.29436158531283
2022-03-29,500.9495407988415,98.1409147838103,142.35212380155588
2022-03-30,493.57539044844214,98.15788986237428,141.82324800268606
2022-03-31,481.38666381344893,98.15788986237428,141.6005567493703
2022-04-01,490.3380857241035,98.18336219506871,141.21085767457112
2022-04-04,497.25457812272447,98.14940556137512,143.0758597563287
2022-04-05,488.9638315787645,98.14940556137512,143.29854039114107
2022-04-06,464.0895343379495,98.14940556137512,140.70981297311405
2022-04-07,468.70008726548116,98.1154489276815,140.45929062238554
2022-04-08,455.1081627861305,98.14940556137512,141.9624247267567
2022-04-11,425.32349613363846,98.1409147838103,140.06959154758633
2022-04-12,433.86559104016476,98.1154489276815,140.6819818757013
2022-04-13,442.2826290480883,98.13242400624547,140.26444108498592
2022-04-14,431.95686154280895,98.16638063993909,140.96033532384257
2022-04-19,450.012379947092,98.14940556137512,140.90466251051365
2022-04-20,446.3751674950829,98.15788986237428,141.0438392345843
2022-04-21,437.8451896189514,98.15788986237428,140.90466251051365
2022-04-22,431.25411950455515,98.14940556137512,137.9819088310164
2022-04-25,442.06465967491147,98.10695815011668,135.74112853241772
2022-04-26,419.22808114935293,98.06451073885827,135.39318141298938
2022-04-27,435.2198177918701,98.08998307155271,136.88239465940248
2022-04-28,443.24865358073106,98.07300151642309,137.62004085362997
2022-04-29,428.64246507037365,98.09846737255188,138.37160790581558
2022-05-02,429.12618606866147,98.06451073885827,135.49060618168917
2022-05-03,419.82876578443256,98.08998307155271,137.2303417788308
2022-05-04,437.5183041461506,98.07300151642309,135.53235813706004
2022-05-05,406.20780615677745,98.09846737255188,135.78288048778856
2022-05-06,399.948148254839,98.03056058173031,133.7091186291767
2022-05-09,335.7268126334445,98.03056058173031,130.38274501692217
2022-05-10,344.88897942368203,98.0560264378591,129.93737312879406
2022-05-11,322.21799269274476,98.0220698041655,131.17606402447862
2022-05-12,327.619239009339,98.08998307155271,130.13222266619366
2022-05-13,329.21349727446835,98.08998307155271,133.27766759900666
2022-05-16,334.8556895973465,98.08998307155271,132.56785250219193
2022-05-17,337.6167950271707,98.04753566029429,133.4307651810354
2022-05-18,320.99652744198744,98.04753566029429,131.55184224131972
2022-05-19,335.3981438995668,98.0560264378591,129.36673475604996
2022-05-20,323.50868505300286,98.07300151642309,129.1579749791957
2022-05-23,318.81836548575916,98.07300151642309,130.5219217409928
2022-05-24,323.4286440654329,97.9966039480367,127.36256656872513
2022-05-25,323.7985107026529,98.0220698041655,129.54767405399488
2022-05-26,319.19449639907003,98.08149229398789,131.49618004649417
2022-05-27,312.2397781989017,98.08149229398789,134.02923465119224
2022-05-30,344.7100360333049,98.06451073885827,134.9060575694904
2022-05-31,346.6777731824512,98.0220698041655,133.84829535324735
2022-06-01,327.516587185806,98.01357902660068,133.61169386047692
2022-06-02,331.7084852820376,97.96264731434309,133.91788902453436
2022-06-03,324.347229280964,98.0560264378591,133.4168443230773
2022-06-06,343.51435948119905,97.96264731434309,134.68336631617464
2022-06-07,340.9088778738224,98.00508824903586,134.12665941989204
2022-06-08,330.0121696137342,97.9966039480367,134.47460653932038
2022-06-09,331.92195077787903,97.98811317047189,133.3194195543775
2022-06-10,323.6358910098264,98.03904488272947,129.58942600936575
2022-06-13,252.75647580972054,97.98811317047189,126.58315780062337
2022-06-14,249.0317921156541,98.00508824903586,125.9011844197248
2022-06-15,252.6848938811054,97.95415653677829,126.90327382263892
2022-06-16,226.20662188852378,98.01357902660068,122.90883706894053
2022-06-17,228.24001962501677,97.95415653677829,123.18720113558524
2022-06-20,229.2107995205314,97.95415653677829,123.79958084519677
2022-06-21,230.1975830410957,97.9371814582143,125.19136932291006
2022-06-22,221.45349952412076,97.94566575921347,124.71816633736918
2022-06-23,234.6343823252307,97.95415653677829,124.7877600086562
2022-06-24,235.43714702004502,97.9711380919079,127.82184869630792
2022-06-27,229.40858146382416,97.96264731434309,128.19763753165242
2022-06-28,225.5982783757418,97.96264731434309,128.19763753165242
2022-06-29,225.28261830279726,97.95415653677829,127.30689375539619
2022-06-30,221.0156403427611,97.89473404695588,125.88726356176672
2022-07-01,216.27740134965427,97.98811317047189,126.61099951653954
2022-07-04,226.9928342625724,97.97962239290707,127.1120442179966
2022-07-05,230.42693785037937,97.9371814582143,126.72234514319743
2022-07-06,236.16691232231116,97.94566575921347,129.2553997478955
2022-07-07,249.08087751991363,97.92869068064948,131.96938303203507
2022-07-08,249.71059730329773,97.96264731434309,132.4982588309049
2022-07-11,232.69885818707735,97.9371814582143,131.7327815392646
2022-07-12,225.5129104672624,97.9966039480367,131.88587912129336
2022-07-13,235.77635528413404,97.98811317047189,130.03479789749386
2022-07-14,240.14113825554543,97.92019990308467,128.86569005459293
2022-07-15,241.94863339330118,97.85228663569747,131.0090455844918
2022-07-18,259.40072368392475,97.92019990308467,131.71886068130652
2022-07-19,267.6162760524727,97.9371814582143,131.69102958389377
2022-07-20,267.10443439874035,97.89473404695588,133.40292346511922
2022-07-21,265.3150004949693,97.9371814582143,133.6951977712186
2022-07-22,260.37049763729334,97.8438023346983,133.5142690917771
2022-07-25,244.57574275681645,97.8777589683919,133.56994190510605
2022-07-26,245.46712180976309,97.86926819082709,133.4168443230773
2022-07-27,263.0129704808564,97.91170912551985,134.69728717413275
2022-07-28,273.84397242895477,97.80984570100469,136.35351886053263
2022-07-29,272.4794804948961,97.86926819082709,137.35560826344678
2022-08-01,265.94986430069076,97.69948502235904,137.48086412955934
2022-08-02,264.853410223893,97.83531155713348,137.62004085362997
2022-08-03,263.3105007328517,97.83531155713348,138.9283254206016
2022-08-04,258.5104191600886,97.86926819082709,138.37160790581558
2022-08-05,267.60018097813696,97.8777589683919,138.28810399507387
2022-08-08,273.29116149509525,97.8438023346983,139.20667886874287
2022-08-09,265.6186578491265,97.82682077956866,137.77313843565872
2022-08-10,272.1836420546917,97.86926819082709,138.83090065190177
2022-08-11,271.71018623875716,97.86077741326227,139.81906919685784
2022-08-12,278.33968791559414,97.8777589683919,140.98817703975877
2022-08-16,274.89534200775535,97.86926819082709,143.21503648039936
2022-08-17,268.390348533805,97.83531155713348,141.99025582416948
2022-08-18,269.317392808291,97.86077741326227,143.0758597563287
2022-08-19,243.5057861106367,97.90322482452069,142.12944316674353
2022-08-22,252.0406107989261,97.86926819082709,141.5170528386286
2022-08-23,252.84015190640895,97.85228663569747,140.59846734645618
2022-08-24,251.2384862491138,97.86926819082709,141.1273537638294
2022-08-25,253.5899217399873,97.8777589683919,141.85107910009881
2022-08-26,238.01066710196528,97.8777589683919,139.90257310759952
2022-08-29,237.3431787634639,97.86926819082709,137.7035553828751
2022-08-30,231.1859897864865,97.8777589683919,136.07515479388795
2022-08-31,233.80342838800746,97.85228663569747,135.32359836020575
2022-09-01,236.74059655569982,97.8777589683919,134.40501286803334
2022-09-02,234.86012488771743,97.8438023346983,136.08907565184603
2022-09-05,233.05699645336807,97.80984570100469,135.26792554687682
2022-09-06,222.79266000595794,97.83531155713348,134.87822647207764
2022-09-07,225.8897501125398,97.80135492343986,134.40501286803334
2022-09-08,226.04221893462037,97.80135492343986,136.14474846517496
2022-09-09,246.58817574449438,97.78437984487589,137.1607587260472
2022-09-12,258.513551298134,97.75042321118228,137.9819088310164
2022-09-13,238.10051602545857,97.75042321118228,135.69937657704685
2022-09-14,237.35730767815065,97.75042321118228,134.78079108487444
2022-09-15,230.89771877469846,97.75042321118228,133.90396816657628
2022-09-16,231.0752904257856,97.75042321118228,131.51009028594888
2022-09-19,228.08741362900716,97.75042321118228,131.7606126366774
2022-09-20,221.76424419794287,97.75042321118228,131.7327815392646
2022-09-21,220.82556300181366,97.72495735505349,133.23591564363582
2022-09-22,230.96642005080463,97.73344165605266,130.53584259895092
2022-09-23,233.0671930487569,97.67401916623025,129.11621240532145
2022-09-26,233.90473133457203,97.73344165605266,129.54767405399488
2022-09-27,233.12107954053135,97.74193243361748,129.2414788899374
2022-09-28,234.2750780805435,97.61459667640786,129.61725710677848
2022-09-29,233.08417975363108,97.79286414587506,126.38830826322378
2022-09-30,232.05366061203807,97.75042321118228,127.1120442179966
2022-10-03,233.59218053735145,97.80984570100469,127.05637140466766
2022-10-04,238.43826110097166,97.76739828974627,129.7981964047234
2022-10-05,238.0839637046929,97.77588906731107,129.5337531960368
2022-10-06,238.61567271580833,97.76739828974627,130.43841783025113
2022-10-07,234.93598207045298,97.80984570100469,128.08629190499454
2022-10-10,230.71966701485982,97.76739828974627,127.30689375539619
2022-10-11,229.88450641048064,97.78437984487589,126.4579019345108
2022-10-12,231.06299049681886,97.80135492343986,125.95685723305374
2022-10-13,232.29142875563355,97.83531155713348,126.1795484863695
2022-10-14,231.0115731357663,97.77588906731107,126.22130044174035
2022-10-17,232.48182616908198,97.77588906731107,127.61308891945366
2022-10-18,229.4708812899105,97.78437984487589,127.65484087482453
2022-10-19,229.4108676959741,97.78437984487589,127.90536322555303
2022-10-20,228.07092989520598,97.79286414587506,128.4064079270101
2022-10-21,227.59617092694597,97.80135492343986,127.87752150963686
2022-10-24,229.10398675448542,97.80135492343986,128.54558465108076
2022-10-25,236.10116028567845,97.82682077956866,129.77035468880723
2022-10-26,240.87527026121802,97.73344165605266,130.04871875545194
2022-10-27,238.24249104197088,97.79286414587506,129.7981964047234
2022-10-28,241.92501661519213,97.83531155713348,130.48016978562197
2022-10-31,242.6832683700468,97.78437984487589,131.5796839572359
2022-11-01,242.7615489588613,97.79286414587506,131.91371021870611
2022-11-02,240.4490022768586,97.78437984487589,131.20389512189138
2022-11-03,242.64632285850348,97.76739828974627,130.1043915687809
2022-11-04,247.97301514468762,97.77588906731107,129.26930998735017
2022-11-07,240.74367473866653,97.7589139887471,129.8817003154651
2022-11-08,215.29765942411183,97.78437984487589,131.07863925577882
2022-11-09,185.53067677729973,97.76739828974627,129.57550515140767
2022-11-10,201.98758164420786,97.79286414587506,132.55393164423384
2022-11-11,192.2529423236212,97.79286414587506,132.19207428535083
2022-11-14,188.49421663284187,97.79286414587506,132.65135641293364
2022-11-15,190.8207550556023,97.69948502235904,133.61169386047692
2022-11-16,187.74037730603663,97.79286414587506,131.6631878679776
2022-11-17,188.53038482545418,97.74193243361748,131.1203912111497
2022-11-18,188.94670769996128,97.74193243361748,131.98330388999315
2022-11-21,180.36913047046772,97.80984570100469,132.3034092935053
2022-11-22,183.79388336878137,97.86077741326227,133.068897203649
2022-11-23,186.63460683322782,97.74193243361748,133.52818994973518
2022-11-24,186.74892987188642,97.75042321118228,133.84829535324735
2022-11-25,185.71716473377168,97.91170912551985,133.55602104714796
2022-11-28,183.52693147179167,97.83531155713348,132.74878118163343
2022-11-29,186.45596065303022,97.82682077956866,132.31733015146338
2022-11-30,192.8077422794512,97.86077741326227,133.4307651810354
2022-12-01,188.65723641629452,97.85228663569747,134.40501286803334
2022-12-02,189.84305930783407,97.86077741326227,133.8622162112054
2022-12-05,189.29911895471636,97.90322482452069,132.73487094217876
2022-12-06,191.10528807782515,97.8777589683919,131.1899848824367
2022-12-07,187.6097191386666,97.89473404695588,130.41057611433496
2022-12-08,191.10668267943666,97.89473404695588,130.68894018097964
2022-12-09,190.1550271158564,97.85228663569747,131.3848344198363
2022-12-12,191.06529044636167,97.89473404695588,130.61934650969263
2022-12-13,195.9064098862165,97.89473404695588,132.35908210683425
2022-12-14,195.33370873265235,97.89473404695588,132.06680780073486
2022-12-15,191.060569376972,97.89473404695588,127.7661865014824
2022-12-16,183.8748045557291,97.92869068064948,127.00069859133872
2022-12-19,181.33189712229674,97.90322482452069,126.51357474783975
2022-12-20,186.2476963353299,97.88624326939106,126.09603395712439
2022-12-21,185.57056009715572,97.90322482452069,128.18371667369433
2022-12-22,185.8342198198495,97.92019990308467,126.43006021859465
2022-12-23,184.3222201874756,97.96264731434309,126.66667232986848
2022-12-27,183.96631099753108,97.92869068064948,126.76409709856829
2022-12-28,182.2921031941178,97.9371814582143,126.04036114379547
2022-12-29,182.73644384362265,97.97962239290707,127.02852968875149
2022-12-30,181.18554397121724,97.9711380919079,126.10995481508247
2023-01-02,182.9657529282633,97.86926819082709,128.4203181664648
2023-01-03,185.1500305554927,97.92019990308467,127.55741610612472
2023-01-04,186.1157350156344,97.91170912551985,128.7821861438512
2023-01-05,187.31791589820688,97.91170912551985,128.26723120293946
2023-01-06,186.0790638519491,97.91170912551985,129.38065561400808
2023-01-09,187.55345496545615,97.91170912551985,130.24356829285153
2023-01-10,190.17306548751958,97.92019990308467,128.89353177050907
2023-01-11,195.00636601342157,97.92869068064948,129.9791250841649
2023-01-12,203.38876760427334,97.85228663569747,130.3549139195094
2023-01-13,214.8634124895491,97.9966039480367,130.8281169050503
2023-01-16,228.77835870936707,97.98811317047189,131.3013198905912
2023-01-17,229.58167209989736,97.9711380919079,131.70493982334847
2023-01-18,224.27759064967628,97.94566575921347,130.9255416737501
2023-01-19,227.84116356413531,97.97962239290707,129.3389036586372
2023-01-20,244.04606849231448,97.96264731434309,130.2853202482224
2023-01-23,246.9395010389782,97.9966039480367,132.1224806140638
2023-01-24,243.31845224826924,97.90322482452069,131.81628545000635
2023-01-25,247.78634428964367,97.9966039480367,130.86986886042115
2023-01-26,247.4996279157176,98.01357902660068,132.45650687553405
2023-01-27,248.4920812920138,97.98811317047189,133.40292346511922
2023-01-30,246.4014591648074,97.92869068064948,132.66527727089172
2023-01-31,249.39246809963126,97.92869068064948,132.4147549201632
2023-02-01,252.15995211715386,98.00508824903586,132.34516124887617
2023-02-02,251.95608879634221,97.95415653677829,135.1844110176317
2023-02-03,254.02327704401156,98.1154489276815,135.69937657704685
2023-02-06,248.31176616234671,98.03904488272947,134.91997842744848
2023-02-07,253.77780429807072,98.0560264378591,135.21225273354787
2023-02-08,250.59004222442155,98.06451073885827,135.03131343560298
2023-02-09,237.81821207958188,98.07300151642309,135.30967750224767
2023-02-10,237.1129094613203,98.07300151642309,134.68336631617464
2023-02-13,237.8876449499761,98.06451073885827,135.4766853237311
2023-02-14,242.28518962809633,98.08149229398789,134.94780952486124
2023-02-15,266.1313225464328,98.09846737255188,135.83855330111749
2023-02-16,259.26853374101427,98.09846737255188,135.7689702483339
2023-02-17,268.32793439611123,98.15788986237428,134.19624247267566
2023-02-20,272.07186816488036,98.06451073885827,134.51635849469125
2023-02-21,268.54574373303757,98.10695815011668,133.16632197234878
2023-02-22,266.97610818816327,98.1409147838103,133.0549763456909
2023-02-23,264.51132130729496,98.13242400624547,133.08281806160707
2023-02-24,256.5454254895223,98.17487141750391,132.1224806140638
2023-02-27,259.52847833646433,98.1154489276815,132.94363071903302
2023-02-28,256.1789882005273,98.14940556137512,132.38692382275042
2023-03-01,259.44676839942485,98.12393322868067,131.3709135618782
2023-03-02,259.2774957710421,98.1409147838103,131.99721412944785
2023-03-03,245.98646230494725,98.19184649606788,134.0709866065631
2023-03-06,245.68433672633049,98.18336219506871,134.47460653932038
2023-03-07,246.57299516301862,98.17487141750391,133.7091186291767
2023-03-08,240.98843875264086,98.18336219506871,133.5142690917771
2023-03-09,225.1636885063565,98.22580312976149,133.30549869641942
2023-03-10,221.74433111591676,98.22580312976149,130.63326736765072
2023-03-13,264.1458213734814,98.2852256195839,127.80793845685325
2023-03-14,270.04141966786074,98.19184649606788,129.42240756937892
2023-03-15,269.6477076293167,98.31069147571269,128.25331034498137
2023-03-16,276.29931717104375,98.2852256195839,129.9791250841649
2023-03-17,298.5563358465883,98.26825054101991,128.94920458383802
2023-03-20,303.23476700665225,98.33615733184148,128.94920458383802
2023-03-21,306.14164259835775,98.33615733184148,129.8956211734232
2023-03-22,294.09162166790236,98.3786047430999,130.1600537636064
2023-03-23,306.1108699136193,98.3446481094063,129.42240756937892
2023-03-24,298.63555379058437,98.38709552066472,129.08838130790866
2023-03-27,293.98172248845395,98.35313888697111,129.93737312879406
2023-03-28,294.4736281978386,98.36162966453593,129.49200124066593
2023-03-29,306.0412312823316,98.40407059922869,130.7167712783924
2023-03-30,300.9296048544939,98.40407059922869,131.32916160650737
2023-03-31,306.74507071201725,98.42105215435832,132.69310836830448
2023-04-03,298.25366157225557,98.39558629822953,132.92972047957835
2023-04-04,300.9077484751403,98.42105215435832,132.2338262407217
2023-04-05,302.51487822727387,98.46349308905108,131.91371021870611
2023-04-06,300.6190202169223,98.40407059922869,132.05288694277678
2023-04-11,324.2079062937456,98.44651801048711,132.90187876366218
2023-04-12,320.79673361440274,98.47198386661591,132.3034092935053
2023-04-13,321.96730733750206,98.48895894517989,132.17815342739274
2023-04-14,321.38573560319605,98.5229155788735,132.90187876366218
2023-04-17,315.4967673820516,98.4974497227447,133.66736667380584
2023-04-18,324.20502564123666,98.50594050030952,133.87613706916352
2023-04-19,308.06173466949883,98.50594050030952,133.52818994973518
2023-04-20,301.4525804587965,98.53140635643831,133.19415306976154
2023-04-21,287.7394399508551,98.53989713400311,132.84620595033323
2023-04-24,291.3853172227126,98.54838143500228,132.31733015146338
2023-04-25,301.83442695248226,98.56536299013192,132.01113498740594
2023-04-26,301.216229779134,98.57385376769673,130.78636494967944
2023-04-27,312.7445325329692,98.56536299013192,131.60751505464864
2023-04-28,308.6519483613317,98.59931962382552,132.6791981288498
2023-05-02,304.89845814217574,98.61629470238951,131.42658637520714
2023-05-03,306.7492316545302,98.59082884626072,131.53793200186504
2023-05-04,306.33697827325,98.6502513360831,130.86986886042115
2023-05-05,308.38123561245527,98.66723289121275,132.56785250219193
2023-05-08,294.79066001007317,98.6417605585183,132.9575515769911
2023-05-09,295.27561557372195,98.63327625751913,133.38900260716113
2023-05-10,294.39866264564154,98.6502513360831,133.19415306976154
2023-05-11,289.6374012947847,98.63327625751913,133.5142690917771
2023-05-12,286.8135387924442,98.6757171922119,133.90396816657628
2023-05-15,292.73396556797206,98.6757171922119,134.4467648234042
2023-05-16,291.2617463750075,98.68420796977672,134.19624247267566
2023-05-17,295.92067597483225,98.69269874734154,134.5581104500621
2023-05-18,291.49128408286316,98.70967382590551,136.24217323387478
2023-05-19,290.95084166493484,98.74363045959912,136.18650042054583
2023-05-22,290.7357072196239,98.7351396820343,136.81281160661885
2023-05-23,295.92051593858173,98.7351396820343,136.4231019133163
2023-05-24,286.6079379351986,98.74363045959912,134.43284396544612
2023-05-25,289.0064240837182,98.77758709329272,134.89213671153232
2023-05-26,291.4480971575504,98.78607787085754,136.91023637531865
2023-05-29,303.3442318019922,98.77758709329272,137.20251068141803
2023-05-30,302.1636215197545,98.7945621718567,136.45094362923246
2023-05-31,297.95743447258565,98.82851880555032,135.69937657704685
2023-06-01,291.7595734256605,98.82851880555032,136.50661644256138
2023-06-02,297.72686796026255,98.84550036067994,138.97007737597244
2023-06-05,281.51249803098256,98.8539846616791,139.290193397988
2023-06-06,298.02204339314346,98.83700958311513,139.7355652861161
2023-06-07,288.0264078103177,98.86247543924392,139.42937012205863
2023-06-08,287.7816895209864,98.87096621680872,138.73347588320198
2023-06-09,288.36749078476976,98.89643207293753,139.51287403280034
2023-06-12,281.724637512177,98.89643207293753,139.79123809944505
2023-06-13,281.18876755854865,98.89643207293753,141.09951204791324
2023-06-14,271.2196065440195,98.89643207293753,141.07168095050048
2023-06-15,273.51667543436696,98.94736378519512,140.59846734645618
2023-06-16,281.2725351045231,98.87945699437356,141.1273537638294
2023-06-19,287.72764299296136,98.93038870663113,140.32011389831487
2023-06-20,303.6517300261614,98.92189792906633,139.5407157487165
2023-06-21,319.7703068283582,98.93887948419595,138.77522783857285
2023-06-22,319.5983364460384,98.94736378519512,138.41335986118645
2023-06-23,329.1423268676402,98.96434534032474,138.13500641304512
2023-06-26,324.78817487572616,98.98981119645353,137.87056320435852
2023-06-27,327.8250456274781,98.98132041888871,137.81489039102956
2023-06-28,322.6097385716399,98.98132041888871,138.9283254206016
2023-06-29,327.9286348061927,98.98132041888871,139.40153902464587
2023-06-30,326.8024139868025,99.05772446384074,140.54280515163066
2023-07-03,334.1815254609673,99.04923368627594,140.98817703975877
2023-07-04,331.0520851694635,99.02376783014715,141.21085767457112
2023-07-05,329.0334564926593,99.04074290871112,141.01600813717153
2023-07-06,321.49385152156754,99.05772446384074,138.63605111450218
2023-07-07,323.7957672240729,99.09168109753436,138.69172392783113
2023-07-10,323.48831472454674,99.07469954240473,138.176758368416
2023-07-11,325.4442777781207,99.08319031996955,138.76130698061476
2023-07-12,319.32446869679507,99.11714695366315,139.5407157487165
2023-07-13,328.2703350633252,99.12563125466232,139.62421965945822
2023-07-14,315.80433419318524,99.15110358735676,139.51287403280034
2023-07-17,314.0417635171761,99.15958788835593,139.34586621131692
2023-07-18,311.251417178154,99.17656944348555,139.95824592092848
2023-07-19,312.4999742798883,99.16807866592073,141.01600813717153
2023-07-20,313.1957433100846,99.19354452204954,141.0438392345843
2023-07-21,314.4746844370919,99.22750115574314,141.322203301229
2023-07-24,308.713287969915,99.21901037817833,142.0459286374984
2023-07-25,309.60967387127005,99.21901037817833,142.9088413163419
2023-07-26,310.17599643713584,99.22750115574314,142.32429270414312
2023-07-27,311.4562635787901,99.26145778943675,144.30062979405517
2023-07-28,311.1077960744937,99.27843286800073,144.07793854073944
2023-07-31,311.1388202447686,99.26994856700156,144.16145306998453
2023-08-01,315.56613166548124,99.32088027925914,143.99443462999773
2023-08-02,311.82203786046165,99.30390520069517,142.35212380155588
2023-08-03,311.88925308567036,99.28692364556554,141.73973347344096
2023-08-04,308.66061318118005,99.32088027925914,141.54488393604137
2023-08-07,310.44181664921126,99.30390520069517,141.23869939048728
2023-08-08,317.9202191856487,99.34634613538795,140.76548578644298
2023-08-09,315.2247286185282,99.34634613538795,140.6819818757013
2023-08-10,313.6928159041282,99.38879354664635,141.37787611455795
2023-08-11,314.0739536658475,99.38030276908155,140.34794499572766
2023-08-14,315.5906400741288,99.39727784764553,141.0438392345843
2023-08-16,308.94527194617115,99.43123448133913,139.81906919685784
2023-08-17,287.02592975917514,99.46519111503275,138.99791909188858
2023-08-18,280.0159533279424,99.46519111503275,137.91231515972936
2023-08-21,280.6027148092288,99.43972525890395,137.9540777336036
2023-08-22,280.92994321685205,99.58403609467754,139.17884777133008
2023-08-23,284.7496198567493,99.44821603646876,140.15309545832807
2023-08-24,283.59376946869565,99.50763852629116,139.70772357019993
2023-08-25,282.44706400924184,99.51612930385598,139.79123809944505
2023-08-28,282.2784315258611,99.53310438241996,140.8768314131009
2023-08-29,298.6059699465639,99.53310438241996,142.0459286374984
2023-08-30,292.3518447264283,99.53310438241996,141.85107910009881
2023-08-31,279.957768719726,99.57555179367839,142.797495689684
2023-09-01,279.9635300247439,99.60101764980718,143.5490627418696
2023-09-04,279.9906676003639,99.61799272837115,143.68823946594026
2023-09-05,281.3752326526992,99.61799272837115,144.16145306998453
2023-09-06,281.1044284545368,99.61799272837115,142.9923452270836
2023-09-07,287.139692670957,99.62648350593597,142.7139917789423
2023-09-08,283.20993395303947,99.68590599575838,142.96451412967082
2023-09-11,274.05453440996575,99.72835340701678,143.02018694299977
2023-09-12,281.2113326698688,99.63497428350078,143.1871947644832
2023-09-13,286.0512861313271,99.70288107432235,143.13152195115424
2023-09-14,292.104337233874,99.73683770801595,144.9408512195829
2023-09-15,291.894689745723,99.74532848558077,144.21712588331349
2023-09-18,292.8898408759561,99.67741521819356,143.6325666526113
2023-09-19,298.19776319618916,99.72835340701678,142.93667241375465
2023-09-20,298.2048276535325,99.73683770801595,143.3820443018828
2023-09-21,291.7225821894742,99.76230356414474,141.09951204791324
2023-09-22,291.75968773726805,99.79626019783836,141.23869939048728
2023-09-25,290.64745865863557,99.80475097540317,141.1273537638294
2023-09-26,290.3604222122085,99.7877758968392,139.9304148235157
2023-09-27,293.63323212183604,99.7877758968392,140.29228280090211
2023-09-28,299.4452686311345,99.84719838666159,140.4871323383017
2023-09-29,297.7367902077933,99.83870760909677,140.70981297311405
2023-10-02,307.5032081552644,99.87266424279039,140.62630906237234
2023-10-03,306.707988026545,99.81324175296798,138.97007737597244
2023-10-04,309.7113883396216,99.87266424279039,138.4272807191445
2023-10-05,304.2908004990387,99.87266424279039,138.38552876377366
2023-10-06,308.7935347183785,99.89813009891918,139.290193397988
2023-10-09,305.21875926638467,99.93208673261279,139.98608763684464
2023-10-10,302.35175556337447,99.93208673261279,141.87892081601498
2023-10-11,296.1071639313042,99.94906181117676,141.37787611455795
2023-10-12,297.27686888618655,99.9405775101776,142.37996551747204
2023-10-13,299.1086209470534,99.97452766730555,141.6005567493703
2023-10-16,316.29651425042795,99.98301844487038,142.21294707748524
2023-10-17,314.60072441551904,100.0,141.85107910009881
2023-10-18,314.6699058003767,100.02546585612879,140.9325042264298
2023-10-19,317.560937803283,100.03395015712795,139.42937012205863
2023-10-20,327.8402490712753,100.0848883459512,137.02157138347312
2023-10-23,362.97200120072915,100.0594224898224,136.5622892558903
2023-10-24,374.5396500098651,100.03395015712795,137.39736021881762
2023-10-25,382.2226474614021,100.07639756838638,136.70146597996097
2023-10-26,378.479308112992,100.1188449796448,135.78288048778856
2023-10-27,375.5169913916501,100.10186342451517,134.76688084541973
2023-10-30,380.50721889232506,100.1188449796448,134.76688084541973
2023-10-31,383.63290976310293,100.13582005820878,135.81072220370473
2023-11-01,391.81560897565595,100.1443108357736,137.42519131623038
2023-11-02,385.24758408133135,100.16128591433757,139.42937012205863
2023-11-03,378.68987009400297,100.19524254803119,140.12526436091528
2023-11-06,382.6412565680592,100.19524254803119,139.9304148235157
2023-11-07,387.89334909919023,100.18675177046636,140.73765468903022
2023-11-08,389.64730067999403,100.18675177046636,140.12526436091528
2023-11-09,402.6435702349949,100.2291991817248,140.70981297311405
2023-11-10,408.30012009577484,100.2291991817248,140.37578671164383
2023-11-13,399.26799419022683,100.2291991817248,141.23869939048728
2023-11-14,382.41773165075796,100.25466503785358,142.18511598007245
2023-11-15,408.5141114250108,100.297112449112,142.797495689684
2023-11-16,389.9405785401905,100.32257830524081,141.85107910009881
2023-11-17,392.394345782096,100.3310690828056,142.35212380155588
2023-11-20,400.79172219353,100.33955338380478,142.46346942821378
2023-11-21,384.0049254585439,100.33955338380478,142.49130052562654
2023-11-22,402.43268818148294,100.3820007950632,143.66040836852747
2023-11-23,400.2990391652143,100.39049157262801,143.57690445778576
2023-11-24,403.3643735072333,100.39897587362718,143.2707092937283
2023-11-27,397.9150934531685,100.37351001749839,142.9923452270836
2023-11-28,402.4245491950291,100.39049157262801,142.76966459227123
2023-11-29,403.8399555190673,100.42444820632161,142.96451412967082
2023-11-30,405.30341844289757,100.4753799185792,143.5490627418696
2023-12-01,415.7613758910876,100.4499140624504,144.91302012217014
2023-12-04,453.4305256344923,100.4753799185792,144.91302012217014
2023-12-05,477.9644029081788,100.4668891410144,144.91302012217014
2023-12-06,475.6228896648361,100.4753799185792,144.91302012217014
2023-12-07,469.65902447845906,100.5348024084016,145.77592218251021
2023-12-08,479.87244653588965,100.52631163083679,146.63883486135367
2023-12-11,448.4533982440365,100.5348024084016,147.08420674948178
2023-12-12,449.3176397213632,100.54329318596642,147.02853393615285
2023-12-13,461.3335272058197,100.54329318596642,147.4460747268682
2023-12-14,458.0969998004119,100.57724981966003,147.52957863760992
2023-12-15,449.9325904450585,100.62818153191762,148.61517195126575
2023-12-18,456.7496317451565,100.62818153191762,148.42032241386616
2023-12-19,450.6615327037507,100.58573412065918,148.64301366718192
2023-12-20,466.8748966908847,100.65364738804641,149.06054383939386
2023-12-21,466.5588936831177,100.73005143299845,148.03062333906698
2023-12-22,467.0887051215486,100.75551728912724,148.4759952271951
2023-12-27,457.7825514305068,100.7640015901264,148.03062333906698
2023-12-28,450.8410476521653,100.78947392282085,148.8378632045815
2023-12-29,445.7463164799158,100.8234240799488,149.0327127419811
2024-01-02,480.9710725332298,100.8234240799488,148.97703992865215
2024-01-03,459.0429969394211,100.81493977894964,148.39249131645337
2024-01-04,472.43528762743745,100.80644900138482,148.3646496005372
2024-01-05,471.8948680718307,100.85738071364241,148.1141272498087
2024-01-08,502.11730245639643,100.84040563507844,148.30897678720828
2024-01-09,494.0485947788402,100.86587149120723,149.1162166527228
2024-01-10,497.3466675537248,100.8234240799488,149.0327127419811
2024-01-11,494.214026537211,100.89133734733602,148.5594991379368
2024-01-12,457.513827703601,100.8828465697712,149.6729341675088
2024-01-15,454.64739555862826,100.90831890246564,149.72860698083775
2024-01-16,464.3540971223424,100.89982812490084,149.92345651823734
2024-01-17,459.5930643947006,100.89982812490084,148.58734085385296
2024-01-18,443.8578887240515,100.95925061472325,149.33890790603857
2024-01-19,446.7543162348317,100.93378475859443,149.81211089157944
2024-01-22,425.11069364512053,100.97622569328722,151.20389936929274
2024-01-23,429.58311242615184,100.94227553615924,151.56576734667917
2024-01-24,431.1287425334516,100.95075983715842,152.4565111229354
2024-01-25,430.99412918446217,100.99320724841682,153.15240536179206
2024-01-26,450.57689638955935,100.98471647085204,153.26375098844994
2024-01-29,467.70786251239997,101.03564818310961,153.93180351139043
2024-01-30,463.6792471163182,101.05262973823923,154.04314913804828
2024-01-31,461.3553378605302,101.08658637193284,153.2915820858627
2024-02-01,463.6807103048942,101.10356145049681,152.76270628699285
2024-02-02,468.12980951799597,101.10356145049681,154.9617240117173
2024-02-05,464.88432008256046,101.09507067293202,155.26791917577478
2024-02-06,468.83236865767765,101.12054300562644,155.9916551305476
2024-02-07,481.42598700642816,101.13751808419042,156.5483726453336
2024-02-08,492.01357381752075,101.15449963932006,156.52053092941742
2024-02-09,511.73255473411234,101.15449963932006,156.68754936940425
2024-02-12,542.8817819076276,101.15449963932006,158.13501066044648
2024-02-13,543.7370613549264,101.19694057401283,156.49269983200466
2024-02-14,565.2746942221655,101.18844979644801,156.88239890680384
2024-02-15,564.353479839662,101.21392212914246,157.49478923491878
2024-02-16,566.5462965439715,101.21392212914246,158.24634566860095
2024-02-19,562.4661494752297,101.23938798527125,157.99582331787244
2024-02-20,566.1647701227866,101.26485384140005,156.5483726453336
2024-02-21,560.7991204407672,101.25636306383524,156.46485811608846
2024-02-22,554.7503903169838,101.29881047509366,158.97008162337377
2024-02-23,548.2064165848767,101.28182891996403,159.4154535115019
2024-02-26,588.1982867433516,101.29031969752884,158.85873599671592
2024-02-27,616.3646211061752,101.30729477609282,158.66388645931633
2024-02-28,675.0476736559069,101.37520804348003,158.55254083265845
2024-02-29,662.9278997825564,101.39218959860968,158.97008162337377
2024-03-01,673.9257738152802,101.35823296491606,160.11134775035856
2024-03-04,736.9202944026864,101.40916467717365,159.97217102628792
2024-03-05,687.9606786360065,101.39218959860968,158.85873599671592
2024-03-06,710.0182006941458,101.42614623230327,159.55463023557257
2024-03-07,715.3635029100305,101.41765545473847,160.19485166110027
2024-03-08,730.5587619961459,101.42614623230327,160.22269337701644
2024-03-11,772.3669521484752,101.45161208843206,159.35978069817295
2024-03-12,765.7488587700666,101.44312131086726,160.66806526514458
2024-03-13,781.036618808969,101.48556872212566,160.61239245181562
2024-03-14,767.9227911968173,101.49405302312485,160.69589636255733
2024-03-15,745.9922007476437,101.52800965681845,159.77732148888833
2024-03-18,727.1783848638629,101.51103457825445,161.0020915266148
2024-03-19,667.2066747004865,101.49405302312485,161.22477216142715
2024-03-20,726.8205438077516,101.53650043438324,161.61448185472975
2024-03-21,705.7412090372928,101.57894784564168,163.86917239278313
2024-03-22,687.5470535154362,101.56196629051206,163.7021645712997
2024-03-25,755.6513944072817,101.57045706807686,163.28462378058435
2024-03-26,756.2655678120461,101.57894784564168,163.61865004205458
2024-03-27,751.831100484704,101.65534541402805,163.5073150339001
2024-03-28,767.3251701128187,101.64685463646323,164.6207394449687
2024-04-02,711.438773902843,101.69779282528648,163.47947331798395
2024-04-03,712.6247796929545,101.69779282528648,163.5908189446418
2024-04-04,740.0281983873375,101.71476790385046,163.81349957945417
2024-04-05,732.295155314038,101.73174298241443,162.67223345246938
2024-04-08,771.9613745650729,101.72325868141527,162.9505975191141
2024-04-09,745.2943512461909,101.71476790385046,162.28253437767023
2024-04-10,769.2545671488101,101.77419039367285,162.89492470578517
2024-04-11,764.5746042132058,101.78268117123767,163.28462378058435
2024-04-12,737.9915770635131,101.79965624980166,163.84134129537034
2024-04-15,698.7771172853097,101.80814702736647,163.423800504655
2024-04-16,703.2731299821285,101.82512210593045,160.8907458999569
2024-04-17,672.2881000016232,101.81663780493129,159.94432931037176
2024-04-18,698.549225664602,101.83361288349526,160.41754291441603
2024-04-19,700.8873552843627,101.88454459575284,159.0535855341155
2024-04-22,734.2783245301964,101.89303537331766,159.4154535115019
2024-04-23,726.3053185304374,101.9100169284473,161.08559543735652
2024-04-24,703.1751877968244,101.88454459575284,161.14126825068544
2024-04-25,703.6374639375456,101.89303537331766,159.3319496007602
2024-04-26,697.8244900730657,101.95245786314007,162.05985374285785
2024-04-29,697.4371566222201,101.9694394182697,162.25470328025747
2024-04-30,665.4541863082586,101.9354827845761,161.78148967621314
2024-05-02,644.9731127668005,102.02037113052728,161.0020915266148
2024-05-03,683.6327040022094,102.00339605196329,162.31037609358637
2024-05-06,686.451628243106,102.02037113052728,163.423800504655
2024-05-07,678.7669161174565,102.01188035296246,164.3423859968274
2024-05-08,666.4611343963855,102.03734620909127,164.3423859968274
2024-05-09,684.5156925831657,102.07130284278487,164.59290834755592
2024-05-10,660.1965382330031,102.05432776422087,165.12178414642577
2024-05-13,682.2524599286376,102.07130284278487,165.06611133309684
2024-05-14,666.2727488672291,102.08828439791449,164.95476570643893
2024-05-15,712.4080906097815,102.1222410316081,166.15170464675265
2024-05-16,702.5894551200055,102.14770688773689,166.7362638774548
2024-05-17,721.419046005621,102.1222410316081,166.4022269974812
2024-05-20,770.0777936213666,102.17317274386568,167.26513967632465
2024-05-21,756.3895730438597,102.14770688773689,166.7640949748676
2024-05-22,747.4302864946094,102.1816635214305,166.84759888560933
2024-05-23,735.463735899949,102.22410445612327,166.87544060152547
2024-05-24,739.054720737886,102.22410445612327,166.17954636266882
2024-05-27,747.8597323416573,102.21562015512411,166.59707653488078
2024-05-28,736.7250044524371,102.2410860112529,165.9290240119403
2024-05-29,732.3584839445917,102.24957031225206,165.1774569597547
2024-05-30,738.8207934643025,102.29201772351048,164.59290834755592
2024-05-31,727.6076020876958,102.30899280207446,163.56297722872563
2024-06-03,738.4102318948133,102.3259743572041,164.8155889823683
2024-06-04,759.0768103129188,102.30899280207446,164.1753675568406
2024-06-05,765.1887318933271,102.3005085010753,166.2908919893267
2024-06-06,760.439084601792,102.36841529189687,166.90327169893823
2024-06-07,751.0569822787287,102.3853968470265,167.65483875112383
2024-06-10,755.9625048782478,102.37690606946168,168.37857470589665
2024-06-11,733.8462266538546,102.39388762459131,168.04453782592302
2024-06-12,738.7297557000911,102.40237192559047,168.93528160217926
2024-06-13,727.7474737706301,102.42784425828492,168.85177769143755
2024-06-14,720.6208309127851,102.4702851929777,169.3528223928946
2024-06-17,724.6753264568043,102.47877597054251,169.43632630363632
2024-06-18,710.060404539634,102.45331011441372,170.38274289322152
2024-06-19,707.526939244981,102.47877597054251,170.6611069598662
2024-06-20,708.8037999007317,102.5042418266713,171.27348666947773
2024-06-21,701.7198181348049,102.53819846036491,170.77244196802067
2024-06-24,657.4362329844314,102.51273260423612,171.02296431874922
2024-06-25,675.5345496545617,102.53819846036491,170.80028368393684
2024-06-26,666.485688529676,102.51273260423612,170.8559564972658
2024-06-27,673.4462137595053,102.57215509405853,170.74461087060791
2024-06-28,658.6442780524686,102.59762095018732,171.44050510946457
2024-07-01,685.23704455112,102.6145960287513,170.52191961729216
2024-07-02,675.5386648724317,102.62308680631611,170.80028368393684
2024-07-03,652.7257717119467,102.64006836144573,171.35700119872286
2024-07-04,616.945506970836,102.6570434400097,171.83020418426372
2024-07-05,611.4518740130623,102.68250929613852,171.7745313709348
2024-07-08,612.8521454802676,102.67401851857369,172.13639934832122
2024-07-09,627.8715933140512,102.6570434400097,172.38692169904974
2024-07-10,623.9605816997633,102.69100007370331,173.1663198486481
2024-07-11,617.2975409972864,102.7334410083961,172.91579749791956
2024-07-12,620.5581652895547,102.7419317859609,173.75086846084687
2024-07-15,696.754259079028,102.7758884196545,173.63953345269238
2024-07-16,698.9439207829705,102.7758884196545,173.8065412741758
2024-07-17,686.0226396424881,102.75891334109053,171.99722262425055
2024-07-18,686.9888013490598,102.7928634982185,171.13430994540707
2024-07-19,716.8865907683318,102.8013542757833,169.93737100509338
2024-07-22,726.5247968168333,102.81833583091293,170.6611069598662
2024-07-23,711.275308304121,102.82682013191209,172.19207216165015
2024-07-24,706.0017937777449,102.84380168704172,169.38065349030737
2024-07-25,709.5351198408599,102.85229246460655,168.5177514299673
2024-07-26,731.1516734419157,102.89473339929931,168.8796087888503
2024-07-29,722.9280506738784,102.8862426217345,169.15797285549502
2024-07-30,716.4769894163455,102.89473339929931,169.24147676623673
2024-07-31,698.8284660593977,102.92869003299292,171.88587699759267
2024-08-01,709.2696425636069,102.96264666668652,170.13222054249297
2024-08-02,658.2982339542511,102.98811252281533,163.56297722872563
2024-08-05,577.1325116157741,103.0050876013793,159.77732148888833
2024-08-06,600.3224501824299,102.96264666668652,160.97426042920202
2024-08-07,589.4478955118748,103.02206915650893,163.53514613131287
2024-08-08,661.7962148683279,103.08149164633133,163.75783738462863
2024-08-09,652.3688908733384,103.03904423507291,164.28671318349845
2024-08-12,635.3097124400065,103.04753501263772,164.64858116088487
2024-08-13,645.203793590731,103.04753501263772,166.06820073601094
2024-08-14,624.398212257908,103.08149164633133,166.3743959000684
2024-08-16,624.924457174185,103.13242335858892,169.43632630363632
2024-08-19,628.202548280079,103.11544828002495,169.93737100509338
2024-08-20,620.7709220534297,103.13242335858892,169.38065349030737
2024-08-21,641.932378282715,103.16637999228253,169.68684865436487
2024-08-22,635.8332138777035,103.21731170454012,169.79819428102272
2024-08-23,669.7169576011389,103.10695750246013,169.93737100509338
2024-08-26,659.2675506611898,103.20882740354094,169.68684865436487
2024-08-27,623.1700940715942,103.20882740354094,169.79819428102272
2024-08-28,621.1038889037494,103.19184584841132,169.85386709435167
2024-08-29,627.3919875336334,103.24278403723454,171.7745313709348
2024-08-30,625.6362984163956,103.21731170454012,171.2178138561488
2024-09-02,625.2163175704485,103.24278403723454,172.10856825090843
2024-09-03,608.4787205513295,103.25126833823373,170.4662574224666
2024-09-04,612.4452418822184,103.25975911579852,168.6290970566252
2024-09-05,591.6266747507835,103.23429325966973,167.59916593779488
2024-09-06,569.421370646471,103.26824989336333,165.40013759456707
2024-09-09,604.803145123844,103.33616316075056,167.26513967632465
2024-09-10,612.3378804204564,103.31918160562093,167.43215811631146
2024-09-11,609.6381603238585,103.31918160562093,166.7362638774548
2024-09-12,614.1455584567842,103.28522497192733,169.60334474362313
2024-09-13,639.4752731418705,103.50593985265294,170.77244196802067
2024-09-16,612.0522385756408,103.40406995157213,169.9930438184223
2024-09-17,634.5833764859652,103.37011331787853,171.07863713207814
2024-09-18,649.3050197198954,103.42953580770092,170.24356616915085
2024-09-19,660.2024824365931,103.45500814039536,172.66527514719104
2024-09-20,661.899964083293,103.47198321895934,171.5796818335352
2024-09-23,667.1908996986517,103.47198321895934,172.83229358717787
2024-09-24,672.5764853250188,103.47198321895934,173.22199266197705
2024-09-25,664.0979933969044,103.46349244139452,173.2498343778932
2024-09-26,682.6332547555343,103.50593985265294,174.25191316230394
2024-09-27,689.3552345228371,103.53989648634656,174.752957863761
2024-09-30,665.645040968137,103.55687156491054,174.25191316230394
2024-10-01,643.6093295647082,103.54838726391138,174.64162285560653
2024-10-02,642.5403331360316,103.57385312004017,175.64370164001724
2024-10-03,644.5101507564342,103.57385312004017,175.14265693856018
2024-10-04,661.6557487650346,103.62478483229776,176.20041915480323
2024-10-07,663.8235540896235,103.59082819860414,176.81280948291817
2024-10-08,662.6443612713189,103.63327560986258,176.39526869220282
2024-10-09,648.1117894361901,103.65874146599137,177.48086200585865
2024-10-10,645.2973004856643,103.65874146599137,177.78705716991612
2024-10-11,667.9559187006703,103.63327560986258,178.42727859544382
2024-10-14,708.6514453902587,103.64175991086174,179.6520592516737
2024-10-15,721.0607019784368,103.65025068842655,179.0118272076426
2024-10-16,728.8169274457368,103.54838726391138,179.15101455021664
2024-10-17,728.5394703120181,103.70118887724978,180.57064474384612
2024-10-18,736.8216206230943,103.73513903437774,180.45929911718827
2024-10-21,729.1227338581151,103.75212058950736,179.6520592516737
2024-10-22,730.3783782795142,103.72665473337857,179.87475050498946
2024-10-23,721.3437832432444,103.76061136707217,179.34586408761623
2024-10-24,737.1131609468567,103.77758644563617,178.95616501281705
2024-10-25,722.258870523586,103.82003385689458,179.56855534093202
2024-10-28,756.4615436319403,103.81154307932977,179.51287190909966
2024-10-29,786.7343665730912,103.82003385689458,179.62421753575754
2024-10-30,779.8474122938476,103.83700893545856,178.51078250618556
2024-10-31,755.1493835517942,103.86247479158735,175.6715433559334
2024-11-01,748.1971802069909,103.87096556915216,177.09116293105947
2024-11-04,729.9833630886448,103.87945634671698,175.7828889825913
2024-11-05,742.5358292586961,103.85398401402254,176.72930557217646
2024-11-06,825.0533549427995,103.83700893545856,181.5170507149279
2024-11-07,823.030130939374,103.88794064771616,182.85317699781567
2024-11-08,835.551275728971,103.90492220284577,183.68823734223955
2024-11-11,973.7233736830445,103.87096556915216,185.46972489475203
2024-11-12,969.7691980057654,103.88794064771616,184.606822834412
2024-11-13,1003.5433397599318,103.93038805897457,185.1635297306946
2024-11-14,970.0960377539232,103.95585391510336,185.02436362512734
2024-11-15,1010.8332195932838,103.972835470233,182.8253352818995
2024-11-18,1000.3648369264902,103.96434469266818,183.52122952075615
2024-11-19,1019.0531386652383,103.96434469266818,183.3820421781821
2024-11-20,1047.0905752594474,103.98981054879697,183.43772561001444
2024-11-21,1101.3832847623312,103.99830132636178,185.49756661066823
2024-11-22,1112.2914470454907,104.04074226105455,187.64093275907052
2024-11-25,1043.5080494804652,104.04923303861938,187.13988805761346
2024-11-26,1026.2844909555513,103.98981054879697,187.2790541631807
2024-11-27,1063.5053562989926,104.0322579600554,185.7759200588095
2024-11-28,1060.259363892484,104.0577238161842,186.5274977294985
2024-11-29,1078.3097154121083,104.0577238161842,187.2790541631807
2024-12-02,1068.6232241405996,104.08318967231298,188.9491960890353
2024-12-03,1069.2239545003222,104.07469889474817,188.78218826755187
2024-12-04,1099.8008463174174,104.10016475087696,189.36673687975065
2024-12-05,1068.0351137823448,104.1256370835714,189.2275707741834
2024-12-06,1105.9614189179767,104.18505957339381,189.33889516383448
2024-12-09,1080.6119511871145,104.2105254295226,189.19972905826722
2024-12-10,1074.5441081625574,104.1256370835714,189.28323296900896
2024-12-11,1127.2989150228086,104.18505957339381,190.2574806560069
2024-12-12,1118.0628114848416,104.2359912856514,189.8677815812077
2024-12-13,1130.4726624933785,104.2444820632162,188.97703780495146
2024-12-16,1180.13758087832,104.26994791934501,189.2275707741834
2024-12-17,1183.8827034878072,104.25296636421537,188.5873387301523
2024-12-18,1131.3834973819212,104.2954137754738,188.97703780495146
2024-12-19,1101.0377893598297,104.2954137754738,186.2769647602666
2024-12-20,1096.9496404785632,104.31238885403778,186.58315992432406
2024-12-23,1065.272339403051,104.37181134386017,186.1656191336087
2024-12-27,1057.2615648481747,104.34634548773138,187.00070071503941
2024-12-30,1042.155971786981,104.38879289898979,185.41406269992652
2025-01-02,1104.5200867213578,104.957551941085,188.55949701423611
2025-01-03,1113.597434298832,104.39728367655461,188.2254813712693
2025-01-06,1150.7527305042124,104.4227495326834,189.11622514752554
2025-01-07,1097.0651409267791,104.41425875511858,187.78009886463775
2025-01-08,1078.7674190885296,104.32937040916738,187.89144449129566
2025-01-09,1051.383753439922,104.363327042861,187.97494840203734
2025-01-10,1080.8055493255729,104.38879289898979,186.10995693878317
2025-01-13,1077.9194098594676,104.43972461124737,185.85942396955122
2025-01-14,1096.4117357783214,104.46519046737617,185.55325004250057
2025-01-15,1142.7613431979678,104.47368124494099,188.4203309086689
2025-01-16,1133.516094731401,104.47368124494099,189.00487952086763
2025-01-17,1186.8780334013945,104.49914710106978,190.7028631626384
2025-01-20,1145.7493571686753,104.41425875511858,189.8677815812077
2025-01-21,1193.9156046546773,104.4057679775538,189.95128549194942
2025-01-22,1165.7440119579085,104.49914710106978,191.34307396966273
2025-01-23,1168.3448296516995,104.51612865619941,191.53792350706232
2025-01-24,1168.149585426093,104.5076378786346,190.86987098412183
2025-01-27,1144.8825093866976,104.49065632350498,187.72443666981223
2025-01-28,1137.5374856338888,104.5076378786346,189.9791272078656
2025-01-29,1164.453113836757,104.47368124494099,190.86987098412183
2025-01-30,1179.1672125045925,104.53310373476339,191.56576522297848
2025-01-31,1156.8813873039585,104.5925262245858,193.26374886474926
2025-02-03,1149.2898162760982,104.5925262245858,191.76061476037808
2025-02-04,1104.6140965873642,104.49914710106978,191.8441186711198
2025-02-05,1087.5751741708807,104.57555114602182,191.20390786409547
2025-02-06,1088.7324648851888,104.64345793684338,193.26374886474926
2025-02-07,1093.6673427055134,104.66043949197301,192.98539541660796
2025-02-10,1107.2621935620161,104.6264828582794,194.23799655174722
2025-02-11,1081.3918306981077,104.63497363584422,193.6812896554646
2025-02-12,1102.5360030123395,104.66893026953782,192.4843507151509
2025-02-13,1081.114556462961,104.70288042666579,193.34725277549097
2025-02-14,1087.403066614632,104.66893026953782,193.04105761143347
2025-02-17,1069.1680789865773,104.67741457053698,194.0709887302638
2025-02-18,1070.3611263717107,104.67741457053698,194.26583826766338
2025-02-19,1085.4833632029563,104.66893026953782,194.85038687986213
2025-02-20,1096.1840270561859,104.70288042666579,193.06889932734967
2025-02-21,1075.253114476902,104.770793694053,193.43075668623268
2025-02-24,1022.8995870836113,104.74532783792421,191.20390786409547
2025-02-25,987.3174929452592,104.76230939305383,188.4759931034944
2025-02-26,941.3826080376149,104.78777524918263,190.9812166107797
2025-02-27,953.9180189158275,104.78777524918263,191.23172834300485
2025-02-28,951.6299577801508,104.770793694053,189.0327212367838
2025-03-03,960.7948223243253,104.770793694053,189.42242031158298
2025-03-04,961.0659694573101,104.82173188287622,183.5768917155817
2025-03-05,982.73624951389,104.74532783792421,181.3500428934445
2025-03-06,976.2016493335975,104.81324110531143,181.65623805750195
2025-03-07,937.1138468165018,104.83021618387541,178.70563204358513
2025-03-10,848.056874139948,104.81324110531143,177.28601246845906
2025-03-11,888.6978513304384,104.79625955018179,174.05706362490434
2025-03-12,900.2770684742533,104.82173188287622,175.92206570666193
2025-03-13,874.1932629768252,104.82173188287622,174.80863067708995
2025-03-14,899.8949933573525,104.8556820400042,176.86848229624712
2025-03-17,901.3709848333646,104.91510452982659,177.73138435658717
2025-03-18,885.1668114994734,104.90662022882742,177.03549011773055
2025-03-19,931.7237344504779,104.90662022882742,178.78915719133363
2025-03-20,907.7440855745838,104.91510452982659,179.17885626613284
2025-03-21,904.4771512815818,104.98301779721382,178.67781156467578
2025-03-24,948.1258954885552,104.94057686252103,181.57273414676024
2025-03-25,949.0526425528618,104.88115437269863,181.76758368415983
2025-03-26,947.0309731872981,104.957551941085,180.9603438186453
2025-03-27,944.7919288689163,104.957551941085,180.43145740127207
2025-03-28,907.9091515358108,104.96604271864982,176.61795994551858
2025-03-31,893.2013628687093,104.96604271864982,175.47669381853382
2025-04-01,923.5211907428632,104.9915085747786,177.48086200585865
2025-04-02,885.3821745679992,105.02546520847223,177.17467746030457
2025-04-03,880.8281830238576,105.00848365334261,168.8239465940248
2025-04-04,895.4960998022639,105.03395598603704,161.16910996660164
2025-04-07,849.6984802729029,104.92359530739141,156.60403484015916
2025-04-08,813.3166621284959,105.01697443090741,161.36395950400123
2025-04-09,882.5683714871186,105.05093106460102,153.79262678731976
2025-04-10,827.7608939533504,105.26315516776184,159.74947977297217
2025-04-11,860.0719385808306,104.99999935234344,158.55254083265845
2025-04-14,872.7642764338162,105.03395598603704,162.97842861652688
2025-04-15,867.074759105434,105.15280096568185,164.64858116088487
2025-04-16,863.2661706914641,105.17826682181064,162.70007516838558
2025-04-17,873.8234420642481,105.161285266681,161.1969410640144
2025-04-22,963.605881926626,105.15280096568185,160.16702056368752
2025-04-23,968.0714420112075,105.17826682181064,164.8155889823683
2025-04-24,966.9253995590772,105.19524190037461,166.20737746008157
2025-04-25,972.1533723410263,105.20373267793943,166.7362638774548
2025-04-28,974.4548765217447,105.20373267793943,167.20946686299573
2025-04-29,968.943045156057,105.19524190037461,167.98886501259406
2025-04-30,973.969280813094,105.18675759937545,168.60125534070903
2025-05-02,1003.644116873102,105.21222345550424,172.77662077384892
2025-05-05,980.4181930124057,105.26315516776184,173.19416156456427
2025-05-06,999.2144049086319,105.2207077565034,172.27557607239186
2025-05-07,1004.8739268712067,105.25466439019702,171.3848322961356
2025-05-08,1076.2966422794284,105.29711180145544,173.97355971416263
2025-05-09,1071.354174168366,105.25466439019702,173.89005580342092
2025-05-12,1084.5754546915655,105.23768931163305,179.59637581984137
2025-05-13,1090.0583880828779,105.28013024632581,180.54280302792995
2025-05-14,1083.81688286421,105.28013024632581,180.18094566904693
2025-05-15,1085.0410230065827,105.30560257902026,180.82115647607125
2025-05-16,1085.2776937587462,105.28862102389063,181.9067497897271
2025-05-19,1100.5398479975693,105.29711180145544,181.043847729387
2025-05-20,1107.3577580658841,105.33106843514905,181.26653898270277
2025-05-21,1132.9160959659662,105.3395527361482,179.98609613164734
2025-05-22,1158.6183750422097,105.3395527361482,178.7334737595013
2025-05-23,1104.556209189327,105.38200014740664,176.9519862069888
2025-05-26,1124.8151524150956,105.32257765758423,178.39943687952766
2025-05-27,1125.32077551738,105.37350936984183,179.6520592516737
2025-05-28,1123.7176695338303,105.37350936984183,179.79122535724096
2025-05-29,1086.932194241027,105.39049092497146,178.98400672873322
2025-05-30,1072.782977812803,105.40746600353543,178.816977670243
2025-06-02,1082.1176636810762,105.42444755866505,178.0932523339736
2025-06-03,1084.0840062286109,105.41595678110025,180.15310395313077
2025-06-04,1073.4119660018991,105.44142263722904,180.34795349053036
2025-06-05,1038.1428113202328,105.44142263722904,180.4871195960976
2025-06-06,1071.8326368327089,105.44142263722904,181.18301383495427
2025-06-09,1129.8882101065635,105.45840419235866,181.3222011775283
2025-06-10,1128.395483411214,105.45840419235866,181.3500428934445
2025-06-11,1105.298868840919,105.45840419235866,181.4335468041862
2025-06-12,1068.1491510419846,105.44991341479384,179.79122535724096
2025-06-13,1075.2398543304323,105.47537927092266,178.95616501281705
2025-06-16,1081.966772359179,105.48387004848745,179.81906707315713
2025-06-17,1066.38207648864,105.47537927092266,179.34586408761623
2025-06-18,1069.8054805099853,105.48387004848745,179.20667674504222
2025-06-19,1064.4655738019744,105.48387004848745,177.6200493484327
2025-06-20,1049.27292102051,105.49235434948663,178.20458734212806
2025-06-23,1065.5611362482337,105.51782668218107,177.8148988858323
2025-06-24,1068.958568672355,105.52631098318024,179.7634048783316
2025-06-25,1075.6062001701414,105.50933590461624,179.6520592516737
2025-06-26,1070.6872345255806,105.53480176074504,179.7634048783316
2025-06-27,1069.5071729390588,105.56026761687383,181.07168944530318
2025-06-30,1063.9999140376713,105.52631098318024,180.62630693867166
2025-07-01,1048.0515243567172,105.54329253830986,180.34795349053036
2025-07-02,1080.0231092345716,105.52631098318024,180.82115647607125
2025-07-03,1090.5082271207032,105.55177683930903,182.6304857444999
2025-07-04,1073.6326331290127,105.56875839443865,181.3222011775283
2025-07-07,1080.1326654791976,105.56026761687383,181.9067497897271
2025-07-08,1087.8083698501764,105.58573347300265,181.96243322155942
2025-07-09,1109.9468702510671,105.58573347300265,182.46347792301648
2025-07-10,1160.2187375471792,105.60271502813225,183.71607905815574
2025-07-11,1176.822544260883,105.59422425056744,182.71398965524162
2025-07-14,1202.6150837824066,105.61969010669623,182.93668090855738
2025-07-15,1187.6806837846013,105.61969010669623,184.05011593812938
2025-07-16,1194.5282234215797,105.61120580569707,181.48920899901174
2025-07-17,1202.1707317017408,105.62818088426104,185.1635297306946
2025-07-18,1187.8384338029482,105.62818088426104,184.52331892367027
2025-07-21,1175.450256275193,105.64515596282502,184.74601017698603
2025-07-22,1196.6384156959898,105.63667166182586,183.54907123667232
2025-07-23,1180.7066697850873,105.68760337408345,185.19137144661076
2025-07-24,1178.718836655343,105.67062829551948,185.46972489475203
2025-07-25,1172.2530977874073,105.68760337408345,185.66457443215162
2025-07-28,1190.324025396381,105.65364674038985,187.25121244726452
2025-07-29,1194.9923285480209,105.67911259651864,188.0027901179535
2025-07-30,1206.9075303685931,105.67911259651864,188.86569217829359
2025-07-31,1186.3425978318746,105.67911259651864,189.1440456264349
2025-08-01,1144.1460682865536,105.73853508634103,183.7717412529813
2025-08-04,1162.6387600025514,105.70457845264743,185.720257863984
2025-08-05,1153.9260207283523,105.73853508634103,185.41406269992652
2025-08-06,1154.4639254285942,105.74702586390585,185.74809957990016
2025-08-07,1177.8880198920485,105.75551664147068,186.36046867100828
2025-08-08,1172.7624703104177,105.76400094246982,186.77800946172366
2025-08-11,1196.4182058153058,105.78098249759947,187.94710668612117
2025-08-12,1204.600630680001,105.74702586390585,187.9192862072118
2025-08-13,1232.7163478630246,105.75551664147068,188.30898528201098
2025-08-14,1189.1769770021049,105.77249172003465,189.17188734235106
2025-08-18,1166.253567379491,105.78098249759947,189.00487952086763
2025-08-19,1134.5197506452319,105.78947327516428,189.0327212367838
2025-08-20,1148.1132297624445,105.81493913129307,188.0027901179535
2025-08-21,1133.2140377397486,105.78098249759947,188.64300092497783
2025-08-22,1166.8479877384798,105.82342990885789,189.83993986529154
2025-08-25,1109.853591979349,105.81493913129307,189.61726984898257
2025-08-26,1124.5914674615437,105.82342990885789,189.25539125309277
2025-08-27,1117.7503292745855,105.83191420985705,190.4245097144971
2025-08-28,1128.0332527893745,105.85738006598584,190.03478940269113
2025-08-29,1085.9641120994493,105.85738006598584,188.55949701423611
2025-09-01,1091.6086363791203,105.85738006598584,189.11622514752554
2025-09-02,1118.9494123125946,105.84040498742186,187.05636290986493
2025-09-03,1121.4802713025967,105.87436162111547,188.30898528201098
2025-09-04,1111.8647446770228,105.87436162111547,189.67293204380812
2025-09-05,1104.9794364849272,105.8828523986803,188.670842640894
2025-09-08,1114.7209802266068,105.89133669967946,189.89562329712388
2025-09-09,1115.6205668529717,105.90831825480909,190.09047283452347
2025-09-10,1139.846214308201,105.86587084355065,191.20390786409547
2025-09-11,1152.408236928639,105.8828523986803,192.4843507151509
2025-09-12,1158.0277955532329,105.91680255580825,192.54001290997644
2025-09-15,1148.8154688296252,105.93378411093788,192.87404978995005
2025-09-16,1152.1210861706045,105.93378411093788,191.42657788040444
2025-09-17,1152.8614595900467,105.94227488850268,191.56576522297848
2025-09-18,1163.0633590374414,105.95924996706667,193.4029362073233
2025-09-19,1152.9430323531572,105.95924996706667,193.5142605969744
2025-09-22,1118.408123988771,105.95924996706667,193.84829747694803
2025-09-23,1109.695293265286,105.98471582319546,194.18233435692167
2025-09-24,1129.7461893654083,105.97622504563064,193.93180138768972
2025-09-25,1094.58448759479,105.99320660076029,193.65344793954844
2025-09-26,1097.2225251479822,105.98471582319546,193.54210231289056
2025-09-29,1141.5470795784827,105.98471582319546,194.29367998357952
2025-09-30,1137.7429721795268,106.01018167932426,194.09883044617996
2025-10-01,1183.7148940480004,106.03565401201868,195.54628111871878
2025-10-02,1204.8438857807562,106.06111986814749,196.32567926831717
2025-10-03,1218.8130385648496,106.03565401201868,197.16076084974785
2025-10-06,1247.0833964904966,106.02716323445387,197.88447556751387
2025-10-07,1219.9933744992295,106.02716323445387,197.4947764927147
2025-10-08,1241.6481996264754,106.06111986814749,199.2484435663178
2025-10-09,1231.8012148580399,106.05262909058266,199.2484435663178
2025-10-10,1140.477214381589,106.06111986814749,195.01739470134555
2025-10-13,1166.6441472799895,106.12054235796988,196.8545656856904
2025-10-14,1141.1497324308204,106.10356080284026,196.01948410425967
2025-10-15,1113.5042474763998,106.10356080284026,197.18858132865722
2025-10-16,1082.4484357485317,106.12054235796988,197.27210647640575
2025-10-17,1068.7871927103945,106.11205158040507,194.9895742224362
2025-10-20,1111.7201633558595,106.12054235796988,198.55254932746115
2025-10-21,1094.6469474571268,106.12054235796988,199.19276013448547
2025-10-22,1086.0051728288624,106.14600821409867,198.16285025266197
2025-10-23,1109.0647504383278,106.15449899166349,199.02575231300204
2025-10-27,1146.5223779832186,106.15449899166349,201.8649914632542
2025-10-28,1134.2863720673643,106.16298329266264,202.1155244324861
2025-10-29,1110.228259704084,106.16298329266264,202.64441084985933
2025-10-30,1095.5840282907511,106.17996484779229,202.72791476060107
2025-10-31,1105.6174781533373,106.20543070392108,202.56088570211085
2025-11-03,1082.7679595538098,106.19693992635627,202.8949225820845
2025-11-04,1035.3093466428625,106.2139214814859,202.17118662731167
2025-11-05,1057.870617092923,106.20543070392108,202.44956131245976
2025-11-06,1026.7435663712627,106.20543070392108,199.5267970144591
2025-11-07,1045.8816156985501,106.20543070392108,196.99373179125763
2025-11-10,1073.5401779008685,106.23089656004987,201.16909722439752
2025-11-11,1040.5257053654896,106.23938733761469,201.83717098434482
2025-11-12,1026.6058437465492,106.2478781151795,202.83926038725895
2025-11-13,1003.4358868488839,106.26485319374348,200.16702905849021
2025-11-14,950.5561602639592,106.26485319374348,199.97215828408383
2025-11-17,930.1129467269043,106.29031904987227,199.0535940289182
2025-11-18,939.5434714469037,106.25636241617866,196.49268708980057
2025-11-19,927.8261658812315,106.2988098274371,196.77106177494866
2025-11-20,879.2294666060357,106.28182827230745,197.94015899934624
2025-11-21,864.952221177414,106.28182827230745,195.96382190943416
2025-11-24,896.8925303994574,106.31578490600107,198.27419587931988
2025-11-25,884.0255244102149,106.31578490600107,198.74739886486074
2025-11-26,913.2632328831514,106.29031904987227,201.00208940291412
2025-11-27,921.1395769876102,106.31578490600107,200.77939814959836
2025-11-28,917.7369319541867,106.30730060500191,201.58663801511287
2025-12-01,870.5640066126979,106.35823231725949,200.8350815814307
2025-12-02,919.5600649198481,106.3327664611307,200.77939814959836
2025-12-03,938.4116950833892,106.32427568356589,200.66805252294046
2025-12-04,926.3349023744578,106.34125076212986,201.16909722439752
2025-12-05,898.4838394251133,106.36672309482431,202.0320205217444
2025-12-08,911.4962497790929,106.38369817338828,201.6701419258546
2025-12-09,933.0954737404518,106.35823231725949,201.7814875525125
2025-12-10,920.5243976406999,106.38369817338828,201.41963019362947
2025-12-11,922.3275032127278,106.40916402951707,200.52888641737323
2025-12-12,899.7838824748646,106.40067325195226,199.27626404522718
2025-12-15,860.6637069105254,106.4176548070819,199.66598435703315
2025-12-16,875.1703985977166,106.40067325195226,198.24635416340368
2025-12-17,858.7900024897069,106.40067325195226,197.35561038714744
2025-12-18,853.2189119866922,106.42614558464672,199.74948826777486
2025-12-19,880.5082019721497,106.42614558464672,200.66805252294046
2025-12-22,880.5294182065012,106.44312066321069,200.97424768699796
2025-12-23,867.5221290125374,106.4770772969043,201.3917884777133
2025-12-29,866.275675244381,106.4770772969043,201.7814875525125
2025-12-30,881.2833261202709,106.50254315303309,202.39387788062743
2026-01-02,897.8691173246328,106.57045642042029,202.00417880582825
2026-01-05,938.0929028723992,106.57045642042029,204.70425185051315
2026-01-06,938.7575562830345,106.55347486529068,205.5671539108532
2026-01-07,915.3318157324321,106.53649978672671,205.98469470156857
2026-01-08,913.9817499232398,106.57045642042029,205.5949956267694
2026-01-09,910.6090088063377,106.5959222765491,207.23729583670783
2026-01-12,914.9009981460944,106.5959222765491,207.37648317928182
2026-01-13,958.4177810333724,106.5789471979851,207.73834053816483
2026-01-14,974.327944912779,106.5959222765491,206.54140159785115
2026-01-15,963.454624807585,106.6298789102427,209.1023085369688
2026-01-16,963.7508290449334,106.6213881326779,208.62908431442108
2026-01-19,930.7940610090194,106.63836968780751,206.0403568963941
2026-01-20,881.4803078823111,106.6044130541139,204.11970323831437
2026-01-21,896.2599756882073,106.6213881326779,204.59290622385527
2026-01-22,890.937718692394,106.64685398880668,205.9568529856524
2026-01-23,885.8855114381338,106.64685398880668,205.5949956267694
2026-01-26,870.1502900428418,106.6638355439363,204.92694310382888
2026-01-27,867.6818909151765,106.65534476637148,204.815597477171
2026-01-28,871.4201548282138,106.6638355439363,205.1217926412285
2026-01-29,827.0607582197476,106.67232632150112,203.39596728354152
2026-01-30,830.7666490855414,106.6808106225003,204.8991013879127
2026-02-02,780.672467752124,106.68930140006509,206.73625113525077
2026-02-03,749.2788880864215,106.6977921776299,206.12388204414262
2026-02-04,724.2543396687112,106.6808106225003,205.6506578215949
2026-02-05,623.234017122507,106.75721466745232,203.89701198499858
2026-02-06,698.8653201216549,106.75721466745232,205.7341829693434
2026-02-09,689.5428884577055,106.76569896845147,206.73625113525077
2026-02-10,677.3505953005584,106.7487238898875,207.23729583670783
2026-02-11,660.369514557469,106.77418974601629,207.48782880593973
2026-02-12,653.0881395077148,106.76569896845147,205.76200344825278
2026-02-13,679.0644920940949,106.79965560214508,205.5671539108532
2026-02-16,680.010763580962,106.8081463797099,205.34446265753746
2026-02-17,666.6350252137113,106.79117130114592,205.7341829693434
2026-02-18,659.5361829388096,106.7826805235811,208.0723774181385
2026-02-19,665.9921367331434,106.8081463797099,207.5991744325976
2026-02-20,675.2392599100734,106.81663715727471,208.60126383551173
2026-02-23,641.3760465513445,106.82512145827387,207.1259714470567
2026-02-24,637.0592287304393,106.81663715727471,208.37857258219597
2026-02-25,673.3806446214445,106.82512145827387,209.9652105973089
2026-02-26,668.9493322944695,106.79965560214508,209.35282026919393
2026-02-27,652.5354200231412,106.85907809196749,208.51775992477002
2026-03-02,688.3947883966403,106.8336122358387,208.7961133729113
2026-03-03,688.5078654387771,106.84210301340352,205.53931219493703
2026-03-04,731.5140412376838,106.82512145827387,207.79402396999723
2026-03-05,714.443431643602,106.87605964709712,206.45789768710944
2026-03-09,689.2774569050955,106.8930347256611,203.75782464242454
2026-03-10,704.9181654633084,106.85059379096833,206.73625113525077
2026-03-11,711.9491523679993,106.91001628079073,205.98469470156857
2026-03-12,716.2230804737713,106.8675688695323,204.5372440290297
2026-03-13,724.5067396980664,106.88455042466194,204.28671105979777
2026-03-16,762.0945910262187,106.87605964709712,205.1217926412285
2026-03-17,749.8734456193391,106.8930347256611,205.70634125342724
2026-03-18,727.5216854835004,106.8930347256611,204.31455277571396
2026-03-19,706.9157379420116,106.90152550322591,200.80723986551453
2026-03-20,713.3994465946457,106.91001628079073,198.52470761154498
2026-03-23,715.0932245452627,106.91001628079073,199.49895529854294
2026-03-24,710.749840706775,106.96094799304832,199.3597891929757
2026-03-25,721.9813676652243,106.91850058178989,201.36394676179714
2026-03-26,698.1148872807532,106.93548213691952,198.9700901181765
2026-03-27,672.7579207084393,106.9269913593547,196.21433364165927
2026-03-30,681.4013871484947,106.93548213691952,197.4947764927147
2026-03-31,690.1072677262438,106.95245721548349,197.38345210306363
2026-04-01,687.5793351133937,107.03734556143469,201.6701419258546
2026-04-02,678.3896420880707,107.02886126043553,201.44747190954564
2026-04-07,720.5921615616246,106.9779230716123,200.30619516405744
2026-04-08,714.0578357291903,107.07979297269313,206.09604032822642
2026-04-09,718.5286998723597,107.04583633899951,206.2073859548843
2026-04-10,728.2360873057189,107.04583633899951,206.76409285116694
2026-04-13,740.961575524879,107.03734556143469,206.65274722450903
2026-04-14,735.991672628017,107.07979297269313,209.1579707317943
2026-04-15,741.6222051669304,107.1307246849507,209.853864970651
2026-04-16,746.7220117745528,107.12224038395152,211.13430782170641
2026-04-17,766.8796749160781,107.11374960638673,213.86222258230748
2026-04-20,753.6499353339236,107.15619701764514,212.77662926865162
2026-04-21,761.0255945975421,107.1307246849507,212.3312467620201
2026-04-22,782.0002199355329,107.12224038395152,213.4725235075083
2026-04-23,784.153027577218,107.17317209620911,214.02923040379088
2026-04-24,773.4156011110174,107.12224038395152,213.77871867156574
2026-04-27,772.5010168017487,107.14770624008032,213.6395313289917
2026-04-28,762.7143428374291,107.15619701764514,212.77662926865162
2026-04-29,759.0815656757908,107.17317209620911,213.11064491161846
2026-04-30,761.5250905976645,107.19863795233793,214.2797633730228
2026-05-04,799.2184744018588,107.21561950746754,215.1148237174467
2026-05-05,808.6266854960746,107.19863795233793,217.09116080735876
2026-05-06,811.3570868281249,107.20712872990272,219.98608338944328
2026-05-07,798.3536385041732,107.21561950746754,219.8747377627854
2026-05-08,795.9198986559013,107.24108536359634,220.09742901610116
2026-05-11,812.147940253438,107.23259458603151,220.76548153904162
2026-05-12,802.7612197414318,107.24108536359634,218.45512880616275
2026-05-13,792.0643967582142,107.24108536359634,221.48921749381446
2026-05-14,813.5393411399017,107.25806044216031,224.10578662775765
2026-05-15,796.3037113092361,107.26655121972513,221.90675828452981
2026-05-18,772.8830919186495,107.26655121972513,220.5149698068165
2026-05-19,774.0291343707797,107.29201707585392,220.1809329268429
2026-05-20,779.9519388277436,107.30050785341874,222.35211955415454
2026-05-21,781.198209697328,107.30899863098355,222.57481080747027
2026-05-22,761.1909806312698,107.32597370954753,224.94084697218156
2026-05-25,777.4257437513274,107.41086205549873,226.5553267032106
2026-05-26,762.765691611517,107.33446448711234,226.2769732550693
2026-05-27,749.089999586192,107.32597370954753,225.74808683769606
2026-05-28,738.7195133800594,107.35143956567632,226.61101013504293
2026-05-29,736.4309949979527,107.35993034324113,227.08421312058383
2026-06-01,717.4857207655494,107.35993034324113,228.14196471832352
2026-06-02,671.8005381333235,107.3429487881115,229.47809100121125
2026-06-03,645.4618634758182,107.3429487881115,228.44815988238096
2026-06-04,643.1288092914303,107.35993034324113,227.97495689684007
2026-06-05,618.8762757461176,107.36842112080596,225.97077809101185
2026-06-08,640.6308263197446,107.38539619936994,224.85734306143982
2026-06-09,625.5450320289693,107.36842112080596,221.99026219527153
2026-06-10,623.5598509285188,107.37690542180512,221.62840483638854
2026-06-11,642.7414301159417,107.39388697693475,222.0737661060132
2026-06-12,642.6798847464648,107.37690542180512,226.1099654335859
2026-06-15,669.4233596684414,107.40237127793391,229.08839192641207
2026-06-16,661.4141854760701,107.41935283306354,228.47600159829713
2026-06-17,655.294902228139,107.40237127793391,229.1440541212376
2026-06-18,642.5286733520667,107.41935283306354,230.2853308667258
2026-06-19,648.0312683398686,107.43632791162752,230.25748915080962
2026-06-22,655.1384782244389,107.42784361062836,231.09254949523353
2026-06-23,644.6505254104414,107.47028454532112,228.14196471832352
2026-06-24,628.8420531370649,107.48726610045077,229.36674537455337
2026-06-25,615.2971335907173,107.47877532288595,228.53166379312268
2026-06-26,616.6745427364233,107.47877532288595,227.83576955426602
2026-06-29,616.3788871947909,107.50424117901474,227.473912195383
2026-06-30,600.5908538368348,107.49575040144992,229.95129398675215
